code,R1,R2,R3,R4,R5,R6,R7,R8,R9
000045.OF,2.95,10.27,2.5,2.95,28.52,28.5,28.52,1.14,3.11
000047.OF,8.67,9.26,4.14,8.67,20.19,20.18,20.19,5.35,8.56
000054.OF,7.09,10.76,2.96,7.09,25.28,25.28,25.29,5.39,7.2
000065.OF,5.11,9.94,3.69,5.12,22.48,22.48,22.48,3.14,5.21
000072.OF,8.6,14.69,3.14,8.6,25.46,25.45,25.46,3.5,8.49
000107.OF,4.26,6.62,2.65,4.26,24.75,24.74,24.75,2.09,4.26
000110.OF,9.01,25.8,3.15,9.01,26.21,26.21,26.21,4.86,9.02
000118.OF,4.87,12.18,1.88,4.87,22.6,22.59,22.6,1.98,4.82
000121.OF,6.1,10.94,4.01,6.09,27.53,27.53,27.53,3.33,6.1
000130.OF,8.44,12.18,3.99,8.44,25.23,25.22,25.23,6.25,8.43
000142.OF,9.11,14.91,6.13,9.1,24.52,24.52,24.52,5.74,9.17
000143.OF,5.13,6.69,3.91,5.13,25.93,25.93,25.93,3.27,5.14
000149.OF,3.97,4.48,2.15,3.97,26.05,26.06,26.05,1.93,3.98
000171.OF,5.11,8.94,3.1,5.11,30.49,30.48,30.49,2.66,5.02
000181.OF,12.33,16.95,9.13,12.33,21.45,21.46,21.46,7.68,12.3
000189.OF,5.39,11.08,4.06,5.39,26.85,26.84,26.85,2.58,5.5
000190.OF,4.05,5.46,2.26,4.05,32.29,32.21,32.23,2.56,4.12
000195.OF,7.41,9.36,4.09,7.41,28.79,28.8,28.81,4.07,7.45
000207.OF,12.82,16.28,7.22,12.82,27.12,27.22,27.12,10.76,12.91
000215.OF,2.27,3.92,1.17,2.28,32.85,32.88,32.96,0.53,2.27
000227.OF,8.09,11.56,5.49,8.09,21.88,22.03,21.98,4.34,8.1
000236.OF,4.74,6.53,1.93,4.75,28.23,28.23,28.23,2.77,4.75
000239.OF,11.28,15.79,6.64,11.28,26.21,26.2,26.27,9.11,11.27
000244.OF,9.71,9.87,3.4,9.69,23.63,23.61,23.63,8.54,9.79
000254.OF,17.98,24.34,6.5,17.99,18.68,18.71,18.71,15.08,18
000310.OF,9.88,25.81,3.72,9.88,31.3,31.29,31.3,6.97,9.89
000314.OF,4.55,6.58,3.03,4.55,28.51,28.51,28.51,1.88,4.49
000338.OF,4.15,5.3,2.32,4.15,29.21,29.18,29.19,2.92,4.17
000367.OF,5.06,16.28,2.93,5.06,27.36,27.36,27.36,3.13,5.04
000377.OF,6,6.79,4.21,5.99,28.36,28.35,28.36,4.5,5.99
000385.OF,4.84,7.78,3.67,4.84,30.45,30.47,30.51,2.48,4.82
000406.OF,8.92,10.19,5.23,8.92,29.36,29.35,29.36,4.32,8.91
000436.OF,3.07,5.62,1.79,3.07,28.15,28.13,28.15,1.56,3.15
000463.OF,3.95,8.46,1.63,3.93,34.63,34.63,34.63,2.56,4.04
000507.OF,7.65,14.05,4.34,7.64,26.31,26.31,26.31,3.68,7.62
000511.OF,4.31,10.77,3.15,4.32,29.19,29.2,29.21,2.5,4.29
000526.OF,4.56,6.52,1.82,4.56,23.3,23.3,23.3,1.87,4.56
000546.OF,5.76,9.37,3.57,5.76,20.9,20.89,20.9,3.92,5.76
000572.OF,5.16,9.63,3.11,5.16,30.01,30,30.01,3.33,5.2
000583.OF,8.24,21.02,5.83,8.24,30.44,30.42,30.44,6.46,8.27
000590.OF,7.88,16.61,6.51,7.88,22.09,22.1,22.13,3.97,7.84
000597.OF,6.67,12.29,3.5,6.67,25.49,25.48,25.49,2.99,6.69
000639.OF,13.9,26.88,8.02,13.89,33.7,33.35,33.5,5.52,13.92
000664.OF,12.29,17.14,5.54,12.28,26.6,26.6,26.6,6.05,12.26
000744.OF,10.73,13.58,6.27,10.73,20.6,20.66,20.66,3.53,10.73
000804.OF,13.61,11.93,8.35,13.61,26.35,26.22,26.2,6.07,13.56
000875.OF,6.31,10.05,3.54,6.31,20.41,20.41,20.41,3.84,6.32
000894.OF,3.92,12.02,1.65,3.93,27.9,27.9,27.91,2.29,3.82
000896.OF,9.39,15.44,6.71,9.38,26.65,26.64,26.64,7.02,9.41
000932.OF,9.81,15.21,3.9,9.8,25.63,25.51,25.63,6.42,9.78
000953.OF,5.29,11.86,3.95,5.29,31.27,31.26,31.27,3.4,5.25
000973.OF,5.59,7.09,2.95,5.59,22.8,22.8,22.8,4,5.66
001001.OF,7.23,11.83,5.61,7.23,22.91,22.89,22.9,4.11,7.16
001011.OF,5.52,7.44,2.96,5.52,23.63,23.63,23.63,2.67,5.56
001019.OF,5.71,7.75,2.23,5.71,21.45,21.42,21.45,3.89,5.72
001035.OF,3.65,3.55,1.57,3.65,32.04,32.06,32.07,2.36,3.67
001067.OF,2.55,4.01,1.24,2.55,32.32,32.32,32.32,1.58,2.64
001110.OF,8.13,11,4.09,8.13,31.17,31.18,31.19,4.8,8.15
001115.OF,7.13,9.57,4.72,7.13,31.46,31.48,31.53,3.29,7.16
001122.OF,3.16,7.46,2.17,3.17,23.13,23.12,23.13,1.53,3.17
001136.OF,4.41,6.05,2.63,4.41,27.81,27.79,27.81,3.1,4.43
001139.OF,9.98,18.59,8.03,9.98,22.1,22.1,22.1,5.44,10.04
001146.OF,8.52,14.11,4.71,8.53,26.61,26.56,26.58,5.74,8.59
001157.OF,5.76,11.27,3.28,5.76,25.12,25.11,25.12,3.5,5.72
001164.OF,3.79,9.92,2.2,3.79,26.63,26.63,26.63,1.96,3.82
001172.OF,5.82,11.52,4.05,5.82,30.73,30.73,30.73,3.68,5.88
001182.OF,4.13,8.6,2.11,4.13,31.92,31.92,31.92,1.87,4.18
001183.OF,3.55,6.31,1.42,3.55,25.53,25.55,25.55,1.08,3.53
001189.OF,3.71,4.59,1.35,3.71,26.75,26.79,26.81,1.43,3.7
001190.OF,7.76,14.1,6.22,7.77,29.32,29.28,29.29,6.19,7.67
001194.OF,4.07,6.11,3.03,4.08,31.95,31.95,31.95,2.2,4.09
001196.OF,12.43,18.28,4.77,12.43,31.87,31.84,31.84,6.24,12.47
001199.OF,9.88,20.28,5.66,9.88,24.39,24.38,24.39,3.18,9.9
001201.OF,6.24,8.94,2.88,6.24,29.96,29.92,29.94,3.64,6.28
001202.OF,3.81,7.59,3.17,3.81,28.23,28.21,28.22,2.58,3.93
001203.OF,3.16,9.22,1.89,3.15,25.3,25.3,25.3,2.32,3.16
001228.OF,13.39,20.52,8.76,13.39,24.32,24.32,24.32,8.43,13.36
001235.OF,6.07,8.76,2.66,6.07,19.38,19.35,19.38,3.48,6.08
001249.OF,2.49,4.23,1.11,2.49,32.03,32.03,32.03,1.67,2.51
001257.OF,6.23,9.12,2.86,6.23,25.02,25.02,25.02,4.18,6.23
001265.OF,7.18,18.56,2.81,7.18,33.73,33.72,33.72,5.16,7.19
001282.OF,8.47,18.39,2.99,8.46,27.6,27.6,27.6,4.85,8.52
001285.OF,2.03,3.07,1.24,2.04,28.02,28.03,28.03,1.53,2.07
001289.OF,3.91,8.26,2.44,3.91,22.98,22.97,22.98,3.01,3.97
001309.OF,4.87,10.01,3.24,4.87,30.8,30.77,30.79,3.77,4.87
001311.OF,11.22,20,8.75,11.23,34.01,34.01,34.01,6.41,11.19
001312.OF,5.92,7.53,2.73,5.92,24.36,24.36,24.36,2.28,5.89
001314.OF,6.13,6.46,3.86,6.13,33.87,33.87,33.87,2.84,6.13
001316.OF,6.05,12.9,3.43,6.06,29.49,29.49,29.49,3.79,6.03
001324.OF,6.71,12.19,3.49,6.7,25.24,25.23,25.24,3.84,6.71
001329.OF,4.45,7.99,2.66,4.45,27.92,27.92,27.92,3.12,4.61
001331.OF,7.15,10.79,5.32,7.15,26.71,26.71,26.71,4.59,7.18
001334.OF,3.54,6.03,1.61,3.54,24.28,24.28,24.28,1.44,3.53
001335.OF,6.3,13,3.99,6.31,25.52,25.51,25.51,2.57,6.22
001336.OF,5.09,11.55,3.28,5.09,25.37,25.36,25.37,2.84,5.1
001342.OF,3.11,4.64,1.41,3.11,31.04,31.04,31.04,1.83,3.1
001355.OF,10.18,13.57,5.8,10.19,25.63,25.64,25.67,7.92,10.15
001358.OF,14.69,17.19,8.56,14.68,26.64,26.59,26.64,5.56,14.58
001362.OF,4.8,6.37,3.04,4.8,31.75,31.74,31.74,1.26,4.8
001367.OF,8.85,15.27,5.58,8.85,24.25,24.24,24.25,3.16,8.83
001370.OF,10.33,8.76,2.28,10.33,30.43,30.43,30.43,4.1,10.34
001399.OF,8.72,15.21,6.77,8.72,27.79,27.79,27.79,5.55,8.66
001402.OF,5.11,5.81,1.4,5.11,31.8,31.82,31.86,1.42,5.13
001405.OF,5.49,11.08,2.95,5.49,26.31,26.33,26.49,3.27,5.48
001415.OF,9.01,17.55,2.52,9.01,27.37,27.37,27.37,5.18,9
001418.OF,11.16,15.91,7.96,11.16,39.48,39.47,39.49,7.05,11.14
001422.OF,3.7,4.29,3.07,3.71,32.7,32.68,32.68,2.64,3.69
001427.OF,4.83,5.26,2.4,4.83,29.05,29.04,29.04,2.16,4.49
001433.OF,2.18,3.85,0.91,2.19,26.83,26.84,26.83,1.56,2.19
001441.OF,5.94,16.59,3.23,5.95,33.96,33.95,33.96,7.03,6
001443.OF,5.68,6.42,3.61,5.69,34.27,34.26,34.27,3.08,5.69
001447.OF,6.17,13.73,2.67,6.17,21.73,21.72,21.73,3.03,6.14
001453.OF,5.11,9.77,2.2,5.11,25.82,25.82,25.82,1.93,5.24
001464.OF,5.99,10.9,4.41,5.98,31.18,31.18,31.18,2.54,5.97
001470.OF,8.51,13.32,5.69,8.51,28.58,28.58,28.58,4.02,8.55
001485.OF,12.06,15.02,10.51,12.06,27.35,27.35,27.35,7.33,12.03
001488.OF,9.85,15.07,5.97,9.85,30.45,30.45,30.45,6.93,9.88
001499.OF,7.22,9.85,3.14,7.22,31.35,31.15,31.34,2.46,7.21
001506.OF,6.61,30.88,4.52,6.61,32.75,32.74,32.75,4.11,6.62
001522.OF,4.53,7.41,1.92,4.53,25.52,25.52,25.52,2.42,4.55
001524.OF,6.23,16.66,3.19,6.23,24.38,24.38,24.38,2.33,6.31
001530.OF,7.97,13.94,5.98,7.98,24.23,24.21,24.22,4.28,8
001562.OF,5.42,16.12,2.79,5.43,31.87,31.86,31.86,5.98,5.45
001566.OF,6.14,14.85,5.24,6.15,22.69,22.67,22.66,2.77,6.11
001570.OF,4.85,10.22,3.26,4.86,23.32,23.29,23.28,2.99,4.83
001596.OF,4.31,5.1,2.8,4.31,24.86,24.84,24.82,2.69,4.31
001633.OF,5.73,9.17,3.09,5.73,24.38,24.37,24.38,2.49,5.74
001635.OF,6.42,9.72,3.83,6.42,31.88,31.92,31.92,3.64,6.42
001664.OF,13.39,21.99,8.46,13.38,34.26,34.26,34.26,7.63,13.41
001688.OF,5.63,9.41,2.94,5.63,26.72,26.72,26.72,2.12,5.64
001710.OF,6.89,15.21,3.72,6.9,31.13,31.12,31.13,3.63,6.87
001720.OF,3.91,5.31,2.06,3.91,24.84,24.84,24.84,2.57,3.93
001721.OF,9.05,15.28,3.12,9.05,33.14,33.13,33.14,3.6,8.48
001745.OF,4.93,9.36,3.21,4.92,30.07,30.07,30.07,3.42,4.98
001747.OF,6.47,6.03,3.92,6.77,34.73,34.72,34.73,3.44,6.77
001755.OF,6.46,9.32,3.68,6.46,27.88,27.89,27.9,3.5,6.5
001756.OF,5.27,14.68,3.06,5.27,27.55,27.55,27.55,3.28,5.26
001765.OF,6.17,10.16,4.42,6.17,27.29,27.27,27.27,3.5,5.96
001800.OF,13.64,19.07,4.84,13.63,20.8,20.67,20.7,6.25,13.58
001802.OF,4.94,6.53,2.58,4.94,22.98,22.98,22.98,3.67,4.99
001806.OF,1.89,2.35,1.11,1.89,30.02,30.02,30.02,1.43,1.89
001817.OF,2.79,3.78,1.45,2.8,31.32,31.32,31.32,1.61,2.78
001835.OF,1.46,1.83,0.91,1.47,26.49,26.49,26.49,1.01,1.5
001850.OF,6.08,13.8,3.1,6.08,31.07,31.07,31.07,2.33,6.02
001862.OF,5.3,7.79,2.23,5.31,22.53,22.52,22.52,4.3,5.39
001901.OF,9.56,12.74,6.58,9.55,27.19,27.19,27.19,8.77,9.84
001903.OF,8.88,18.57,4.48,8.88,27,27,27,5.67,8.78
001905.OF,11.91,20.99,5.32,11.91,28.87,28.84,28.83,9.16,11.97
001922.OF,8.14,17.1,4.52,8.14,31.39,31.38,31.38,4.6,8.13
001939.OF,6.34,6.66,4.47,6.34,32.05,32.04,32.05,4.56,6.38
001945.OF,6.21,11.88,4.42,6.21,23.51,23.5,23.51,4.67,6.23
002000.OF,6.75,12.51,3.78,6.75,25.76,25.76,25.77,2.98,6.79
002005.OF,8.16,10.73,4.05,8.16,29.45,29.45,29.45,4.46,8.15
002006.OF,3.86,6.7,1.44,3.86,24,23.98,24,2.2,3.95
002009.OF,4.28,9.32,3.07,4.28,26.92,26.91,26.92,2.2,4.29
002015.OF,8.27,9.82,4.41,8.26,24.39,24.37,24.39,4.84,8.26
002018.OF,5.97,10.94,4.66,5.98,32.23,32.23,32.24,1.85,5.91
002025.OF,4.42,7.55,2.74,4.61,32.24,32.23,32.24,2.12,4.63
002027.OF,5.14,6.32,3.02,5.14,29.34,29.34,29.34,2.08,5.19
002049.OF,8.09,10.85,2.16,8.09,21.81,21.81,21.81,4.9,8.16
002054.OF,3.97,6.61,1.95,3.96,33.1,33.09,33.09,1.65,4
002057.OF,4.26,7.02,2.55,4.26,32.76,32.76,32.78,1.93,4.35
002065.OF,15.69,18.76,9.05,15.68,23.88,23.89,23.9,9.51,15.7
002087.OF,6.02,8.68,3.53,6.02,27.7,27.68,27.69,3.67,6.01
002111.OF,9.08,19.05,6.57,9.08,26.15,26.15,26.15,5.39,9.09
002116.OF,5.4,12.72,4.21,5.4,25.81,25.79,25.81,4.11,5.39
002120.OF,6.26,12.18,4.16,6.26,24.06,23.98,24.06,2.8,6.25
002134.OF,5.25,11.76,4.03,5.25,27.92,27.91,27.92,2.04,5.25
002156.OF,5.62,7.65,4.7,5.62,30.36,30.36,30.36,4.38,5.86
002161.OF,11.72,14.74,7.16,11.72,26.45,26.37,26.38,6.75,11.67
002222.OF,5.48,8.1,3.83,5.48,27.86,27.86,27.87,2.95,5.48
002227.OF,5.44,8.63,3.09,5.44,21.69,21.7,21.75,2.09,5.42
002254.OF,8.18,11.81,5.01,8.18,16.07,16.08,16.08,4.82,8.2
002261.OF,8.61,11.89,5.97,8.61,26.74,26.74,26.74,5.52,8.6
002276.OF,14.79,20.85,6.75,14.78,20.85,20.83,20.86,11.66,14.81
002282.OF,7.09,8.62,2.93,7.09,28.47,28.4,28.42,4.03,7.08
002331.OF,5.89,11.82,3.99,5.89,29.86,29.85,29.86,2.6,5.9
002351.OF,4.73,10.86,2.33,4.73,28.92,28.92,28.92,2.25,4.72
002358.OF,9.23,16.8,4.97,9.23,31.85,31.84,31.86,5.85,9.26
002361.OF,3.89,10.43,1.95,3.89,27.11,27.07,27,2.06,3.9
002363.OF,4.85,8.21,2.58,4.85,29.92,29.91,29.92,2.32,4.86
002388.OF,15.37,25.89,8.31,15.36,34.28,34.28,34.28,8.73,15.36
002389.OF,7.69,12.42,3.2,7.69,31.43,31.43,31.43,4.64,7.63
002405.OF,5.51,7.02,1.2,5.52,23.82,23.82,23.82,4.68,5.56
002411.OF,4.22,5.65,2.42,4.22,36.04,36.03,36.06,2.3,4.22
002413.OF,3.87,7.36,3.15,3.87,28.35,28.35,28.35,1.95,3.95
002430.OF,7.82,9.73,2.57,7.81,28.83,28.84,28.84,3.57,7.81
002434.OF,9.08,12.54,5.55,9.08,27.11,27.11,27.11,6.18,9.14
002455.OF,6.56,9.06,5.02,6.56,35.85,35.85,35.85,4.04,6.89
002456.OF,6.06,14.88,3.42,6.06,35.96,35.96,35.96,4.6,6.04
002458.OF,4.83,11.52,3.34,4.83,29.75,29.76,29.78,3.19,4.79
002459.OF,7.09,13.7,4.29,7.09,23.41,23.43,23.47,4.66,7.02
002461.OF,5.05,7.61,2.04,5.05,29.82,29.82,29.84,2.09,5.13
002474.OF,8.62,16.34,1.97,8.62,30.13,30.13,30.13,4.77,8.69
002475.OF,5.11,10.44,3.84,5.1,35,35.03,35.07,3.83,5.49
002489.OF,6.23,12.79,5.18,6.23,29.72,29.71,29.72,4.71,6.16
002490.OF,6.25,13.02,3.47,6.25,24.79,24.78,24.79,3.9,6.23
002498.OF,5.26,8.38,3.81,5.26,27.1,27.1,27.11,3.74,5.19
002501.OF,4.95,12.17,2.93,4.95,31.51,31.5,31.51,3.35,5.13
002502.OF,4.23,8.73,2.07,4.23,28.53,28.53,28.56,1.7,4.32
002514.OF,6.6,10.4,2.03,6.6,28.92,28.92,28.92,1.4,6.61
002518.OF,15.11,20.55,11.75,15.1,31.93,31.92,31.92,6.43,15.2
002521.OF,4.52,7.3,1.85,4.52,25.44,25.44,25.44,1.8,4.53
002535.OF,7.43,14.81,4.37,7.42,32.61,32.61,32.64,4.98,7.56
002574.OF,6.49,10.68,3.2,6.48,25.25,25.25,25.26,4.23,6.51
002586.OF,12.3,23.33,10.03,12.3,33.93,33.93,33.93,7.74,12.36
002600.OF,5.02,7.2,3.79,5.02,20.11,20.2,20.11,2.33,5.05
002602.OF,6.91,21.88,5.48,6.91,31.06,31.05,31.06,4.43,6.9
002612.OF,7.61,11.97,4.68,7.61,25.68,25.68,25.68,5.85,7.74
002614.OF,11.65,19.28,5.41,11.65,28.4,28.4,28.41,7.63,11.66
002616.OF,10.17,11.74,4.94,10.16,29.17,29.16,29.16,3.8,10.21
002618.OF,5.85,8.82,3.83,5.84,32.68,32.69,32.71,2.52,5.92
002622.OF,11.05,27.44,5.81,11.05,31.99,31.99,32,8.14,11.03
002636.OF,9.96,19.25,5.51,9.97,29.43,29.43,29.43,7.11,10.05
002639.OF,8.17,10.72,4.74,8.17,25.5,25.48,25.49,4.38,8.48
002644.OF,10.28,15.49,6.21,10.28,31.58,31.5,31.58,6.83,10.09
002651.OF,3.69,8.95,2.12,3.69,25.13,25.11,25.12,2.73,3.68
002657.OF,5.76,7.39,3.79,5.76,24.84,24.84,24.84,3.77,5.74
002664.OF,8.55,11.71,3.84,8.55,26.13,26.13,26.17,3.47,8.58
002690.OF,9.33,14.8,4.64,9.32,27.92,27.9,27.91,7,9.3
002701.OF,3.93,8.62,2.44,3.93,25.99,25.96,25.97,2.8,3.93
002711.OF,7.3,17.41,2.67,7.29,26.6,26.6,26.6,4.71,7.28
002714.OF,7.7,11.89,5.06,7.7,22.32,22.31,22.32,4.99,7.77
002720.OF,6.53,11.95,3.45,6.53,28.73,28.77,28.81,3.79,6.38
002723.OF,5.5,8.51,3.59,5.49,21.7,21.7,21.71,4.09,5.51
002728.OF,4.2,5.2,2.36,4.2,29.54,29.53,29.54,2.47,4.24
002734.OF,4.31,11.57,2.46,4.31,16.65,16.64,16.64,1.96,4.31
002738.OF,3.92,5.25,1.35,3.93,34.27,34.27,34.27,1.53,3.93
002749.OF,10.21,16.93,5.1,10.21,24.99,24.99,24.99,7.89,10.25
002767.OF,3.08,5.46,1.87,3.08,25.66,25.64,25.65,2.2,3.11
002776.OF,7.35,17.81,7.65,7.35,29.98,29.98,29.98,4.27,7.3
002783.OF,3.87,7.42,2.99,3.88,22.82,22.82,22.82,3.14,3.98
002792.OF,4.3,5.05,3.02,4.3,33.1,33.1,33.1,2.76,4.28
002796.OF,5.54,7.23,3.13,5.54,24.29,24.29,24.29,4.17,5.54
002813.OF,7.69,14.86,4.6,7.69,22.26,22.18,22.21,3.79,7.72
002819.OF,4.6,5.67,2.57,4.6,28.93,28.93,28.93,1.88,4.57
002826.OF,8.98,16.65,4.12,8.98,21.93,21.89,21.93,6.78,9
002838.OF,15.28,16.3,8.88,15.27,18.03,18.18,18.16,11.13,15.26
002901.OF,5.23,5.75,3.53,5.23,23.3,23.4,23.45,3.47,5.25
002908.OF,8.78,9.1,4.46,8.76,24.87,24.84,24.84,3.95,8.78
002925.OF,7.8,11.86,2.76,7.79,29.11,29.09,29.11,4.13,7.8
002932.OF,5.73,5.39,2.23,5.73,25.72,25.71,25.72,1.78,5.39
002934.OF,4.52,6.71,2.82,4.52,28.86,28.86,28.86,1.54,4.47
002946.OF,7.82,13.19,5.68,7.82,28.85,28.84,28.85,4.01,7.78
002961.OF,3.85,7.3,1.72,3.86,21.52,21.52,21.62,2.11,3.92
002969.OF,5.43,10.74,3.6,5.43,32.35,32.35,32.35,2.44,5.43
002971.OF,9.2,22.67,4.85,9.19,30.07,30.07,30.07,6.2,9.22
002985.OF,13.97,18.72,9.29,13.97,19.06,19.03,19.06,10.66,13.96
002986.OF,4.97,6.6,3.35,4.97,25.39,25.39,25.4,3.04,4.96
003026.OF,12.67,22.57,6.48,12.66,31.74,31.74,31.74,7.73,12.68
003028.OF,7.42,15.14,5.83,7.42,28.74,28.71,28.71,4.43,6.93
003030.OF,4.31,6.4,2.94,4.32,31.08,31.07,31.08,1.73,4.34
003037.OF,7.77,7.59,6.11,7.77,25.02,24.48,25.02,3.13,7.77
003044.OF,2.88,7.38,1.67,2.88,24.95,24.94,24.95,1.89,2.93
003062.OF,8.17,15.61,4.02,8.16,26.76,26.76,26.76,5.6,8.2
003105.OF,8.08,13.05,5.25,8.08,31.14,31.14,31.14,3.66,8.1
003107.OF,5.66,11.66,4.25,5.66,24.22,24.22,24.22,2.9,5.62
003109.OF,4.24,8.78,2.61,4.24,25.29,25.29,25.31,2.47,4.24
003115.OF,8.2,10.71,4.23,8.2,26.81,26.81,26.83,4.54,8.27
003117.OF,7.37,9.76,2.97,7.36,29.18,29.17,29.23,4.17,7.41
003123.OF,16.22,24.79,10.25,16.22,41.66,41.58,41.63,9.59,16.23
003133.OF,6.31,11.27,5.23,6.32,30.64,30.64,30.64,3.71,6.49
003135.OF,4.25,8.65,3.09,4.25,29.82,29.81,29.82,3.08,4.28
003142.OF,4.99,7.18,3.02,4.99,30.11,30.11,30.11,2.48,5
003154.OF,7.84,14.69,5.56,7.84,24.7,24.7,24.7,3.98,7.81
003161.OF,4.25,7.78,1.49,4.25,25.73,25.73,25.74,2.64,4.24
003167.OF,5.21,8.61,4.58,5.21,27.89,27.87,27.89,3.1,5.26
003176.OF,8.36,9.95,2.16,8.36,32.66,32.66,32.66,5.63,8.39
003182.OF,6.96,9,5.1,6.96,32.75,32.75,32.75,4.75,6.97
003186.OF,8.62,14,4.01,8.62,26.63,26.62,26.63,4.18,8.93
003187.OF,6.43,13.26,4.45,6.43,21.56,21.37,21.5,5.09,6.43
003218.OF,7.51,17.08,3.12,7.52,22.52,22.53,22.53,3.05,7.5
003221.OF,14.78,20.09,9.01,14.78,26.15,26.15,26.15,9.24,14.82
003234.OF,4.89,15.03,4.1,4.89,22.94,22.94,22.94,3.52,4.9
003275.OF,3.98,10.03,1.57,3.98,34.28,34.28,34.28,1.54,3.96
003282.OF,2.27,4.73,1.49,2.27,31.46,31.46,31.46,1.19,2.33
003295.OF,4.04,6.46,2.37,4.05,26.28,26.28,26.29,1.77,4.02
003301.OF,7.03,15.48,4.18,7.03,26.26,26.25,26.26,4.19,7.05
003331.OF,8.21,9.9,6.52,8.21,21.28,21.22,21.25,5.46,8.2
003336.OF,5.68,13.28,3.79,5.68,22.72,22.7,22.7,3.75,5.63
003341.OF,10.29,19.44,7.81,10.29,27.24,27.24,27.25,8.26,10.31
003343.OF,4.55,10.51,3.6,4.55,25.74,25.73,25.74,2.7,4.55
003345.OF,7.29,17.11,6.02,7.3,28,27.97,28.01,4.68,7.26
003360.OF,5.17,8.45,3.55,5.17,27.8,27.78,27.8,3.07,5.28
003379.OF,4.11,6.31,2.98,4.11,30.33,30.32,30.33,2.32,4.12
003432.OF,4.36,8.63,2.16,4.36,29.82,29.81,29.82,2.22,4.37
003476.OF,4.59,11.23,3.81,4.59,25.18,25.17,25.18,2.55,4.58
003484.OF,6.21,10.42,4.2,6.21,25.4,25.4,25.4,3.43,6.25
003493.OF,3.79,4.96,2,3.79,31.39,31.41,31.41,1.77,4.02
003495.OF,7.68,10.8,5.54,7.69,28.94,28.93,28.94,3.76,7.59
003502.OF,11.81,13.07,4.41,11.81,27.94,27.94,27.97,7.53,11.78
003504.OF,11.72,12.59,5.54,11.71,23.37,23.37,23.37,6.22,11.71
003591.OF,7.1,7.91,3.04,7.1,29.91,29.9,29.93,2.85,7.09
003603.OF,7.65,13.07,4.51,7.65,31.6,31.6,31.6,2.46,7.62
003612.OF,8.55,10.97,5.86,8.55,25.9,25.89,25.92,4.77,8.54
003626.OF,17.13,26.06,7.73,17.13,33.24,33.23,33.23,6.84,17.11
003628.OF,6.43,13.83,4.77,6.44,30.39,30.36,30.35,4.04,6.46
003637.OF,8.66,15.84,7.12,8.66,19.37,19.38,19.37,2.86,8.65
003663.OF,8.59,14.11,4.03,8.6,25.11,25.12,25.13,3.93,8.3
003680.OF,8.45,23.71,2.33,8.43,31.92,31.91,31.92,3.23,8.52
003692.OF,4.37,7.36,2.76,4.38,30.15,30.15,30.15,3.61,4.45
003704.OF,10.23,18.04,6.6,10.23,26.95,26.95,26.95,6.81,10.16
003734.OF,9.99,18.65,6.76,9.99,28.88,28.69,28.7,7.15,10
003754.OF,6.41,15.72,2.89,6.41,31.93,31.93,31.93,2.61,6.37
003780.OF,11.73,14.8,8.69,11.73,27.45,27.45,27.45,8.28,11.75
003799.OF,6.47,9.45,4.79,6.46,27.22,27.22,27.22,4.85,6.75
003805.OF,6.06,5.24,3.69,6.06,28.82,28.85,28.89,3.7,6.04
003813.OF,6.17,11.98,4.16,6.17,26.46,26.48,26.47,4.47,6.22
003828.OF,7.78,16.45,5.72,7.78,32.62,32.59,32.6,3.08,7.94
003839.OF,7.53,11.53,5.19,7.53,31.16,31.16,31.16,3.12,7.53
003842.OF,6.91,9.09,2.87,6.91,31.93,31.93,31.93,2.98,6.93
003848.OF,5.62,8.04,1.47,5.62,28.45,28.45,28.45,1.81,5.68
003850.OF,9.16,11.48,4.82,9.16,27.44,27.43,27.43,4.23,9.16
003854.OF,10.56,12.79,4.76,10.57,27.27,27.26,27.26,5.91,10.54
003861.OF,5.03,6.34,2.51,5.03,33.67,33.67,33.67,1.85,4.82
003877.OF,11.73,12.48,7.59,11.72,29.06,29.06,29.06,7.22,11.73
003882.OF,7.6,8.67,4.39,7.59,31.3,31.3,31.3,2.91,7.58
003900.OF,6.34,6.92,4.24,6.34,33.82,33.81,33.88,4.74,6.35
003950.OF,6.14,9.58,4.05,6.15,25.01,25.01,25.01,4.84,6.15
003966.OF,7.53,11.49,4.76,7.54,30.1,30.1,30.1,4.81,7.54
004005.OF,16.05,18.7,10.67,16.05,28.14,28.13,28.15,10.02,15.99
004010.OF,7.05,13.85,3.04,7.05,27.17,27.17,27.17,3.31,7.04
004024.OF,5.54,11.28,3.79,5.54,18.27,18.24,18.27,4.19,5.53
004025.OF,10.91,16.51,5.31,10.9,28.24,28.22,28.24,3.66,10.88
004081.OF,12.29,27.1,8.21,12.29,36.35,36.35,36.35,10.26,12.37
004083.OF,6.8,8.87,4.16,6.8,24.12,24.12,24.12,4.31,6.89
004093.OF,9.49,17.6,3.77,9.49,24.79,24.79,24.8,5.69,9.42
004100.OF,5.74,8.04,4.15,5.74,31.56,31.56,31.56,2.99,5.77
004129.OF,6.31,13.56,3.9,6.32,22.8,22.8,22.8,3.29,6.29
004131.OF,11.19,21.72,6.6,11.18,26.26,26.25,26.25,6.19,11.13
004149.OF,5.41,8.08,2.42,5.41,23.92,23.92,23.92,3.22,5.43
004153.OF,4.82,6.15,3.56,4.83,26.29,26.29,26.29,3.24,4.84
004157.OF,9.08,9.95,1.37,9.08,30.2,30.22,30.26,4.15,9.08
004175.OF,7.67,9.63,4.56,7.68,26.31,26.3,26.3,5.47,7.67
004202.OF,5.6,19.23,2.72,5.6,28.23,28.23,28.23,2.36,5.62
004206.OF,10.71,18.49,7.63,10.71,34.58,34.58,34.58,5.98,10.76
004218.OF,10.22,24.03,4.35,10.22,28.62,28.61,28.62,4.8,10.18
004225.OF,10.26,14.48,2.8,10.26,28.5,28.49,28.5,5.18,10.26
004258.OF,4.04,11.8,3.13,4.04,27.08,27.08,27.08,2.23,4.07
004265.OF,10.66,18.54,6.33,10.66,30.1,30.09,30.1,6.34,10.72
004270.OF,16.08,17.34,8.5,16.08,30.05,30.05,30.05,8.96,16.63
004274.OF,9.25,17.24,6.31,9.26,31.69,31.69,31.7,3.99,9.32
004276.OF,8.65,18.53,7.21,8.64,36.04,36.03,36.03,6.32,8.58
004278.OF,3.29,10.29,1.66,3.29,28.08,28.08,28.08,1.95,3.43
004279.OF,5.87,11.03,2.97,5.86,24.36,24.33,24.34,3.84,5.84
004301.OF,5.91,8.57,4.14,5.91,25.19,25.19,25.19,2.78,6.19
004318.OF,8.43,19.13,6.02,8.43,31.2,31.2,31.2,3.36,8.41
004340.OF,3.65,7.51,1.66,3.65,22.84,22.84,22.84,1.64,3.62
004353.OF,12.97,15.65,6.78,12.97,25.94,25.78,25.94,7.37,12.98
004361.OF,9.66,17.77,5.35,9.65,25.43,25.43,25.43,5.88,9.67
004405.OF,5.92,17.33,3.88,5.91,24.56,24.56,24.61,3.23,5.93
004413.OF,7.68,25.81,3.16,7.66,34.25,34.24,34.24,3.61,7.68
004427.OF,12.96,19.71,8.97,12.96,26.56,26.58,26.62,6.96,12.94
004436.OF,9.6,10.43,6.23,9.6,26.09,26.09,26.09,6.55,9.6
004442.OF,6.3,9.26,3.33,6.3,25.5,25.49,25.5,4.2,6.33
004446.OF,8.17,17.93,5.15,8.16,30.27,30.22,30.25,3.02,8.19
004457.OF,9.64,20.8,5.92,9.63,31.65,31.62,31.65,5.89,9.67
004486.OF,6.98,8.01,4.05,6.97,30.04,29.99,29.98,4.19,6.99
004503.OF,4.93,7.15,3.55,4.93,22.67,22.67,22.67,3.12,4.94
004517.OF,3.76,8.15,2.44,3.76,27.17,27.17,27.17,1.62,3.75
004571.OF,6.41,9.78,2.85,6.41,26.99,27.01,27.02,5.43,6.42
004585.OF,4.8,4.93,1.67,4.79,22.56,22.57,22.56,2.65,4.8
004607.OF,15.28,23.52,9.9,15.28,29.75,29.73,29.74,7.76,15.26
004608.OF,9.36,11.66,5.51,9.36,27.3,27.3,27.3,3.7,9.39
004612.OF,5.98,11.83,3.72,5.98,26.59,26.59,26.59,3.51,6.01
004617.OF,10.15,17.24,5,10.15,30.99,30.99,30.99,5.88,10.14
004647.OF,21.49,21.31,11.27,21.49,25.98,25.97,25.98,14.29,21.47
004648.OF,4.45,9.28,2.09,4.45,25.65,25.64,25.65,2.21,4.46
004680.OF,8.05,13.64,5.94,8.05,27.02,27.02,27.02,4.23,8.13
004687.OF,13.54,13.57,6.6,13.53,27.34,27.33,27.34,6.79,13.49
004707.OF,9.3,16.95,5.23,9.3,34.19,34.19,34.21,5.15,9.29
004710.OF,5.38,8.88,2.38,5.37,27.31,27.31,27.31,3.26,5.42
004720.OF,7.22,16.86,2.53,7.21,28.61,28.61,28.61,4.71,7.21
004731.OF,6.31,12.13,3.6,6.31,26.64,26.64,26.64,4.94,6.33
004734.OF,7.79,12.46,4.93,7.79,28.19,28.19,28.19,5.67,7.79
004738.OF,7.09,12.37,5.54,7.09,27.94,27.94,27.94,4.84,7.09
004750.OF,8.92,16.13,6.43,8.92,29.78,29.77,29.78,5.18,8.65
004756.OF,6.86,13.98,5.04,6.86,25.3,25.29,25.3,4.36,6.97
004760.OF,10.62,14.08,5.72,10.62,23.49,23.49,23.5,7,10.63
004772.OF,7.1,16.74,5.22,7.1,28.81,28.8,28.8,4.46,7.09
004774.OF,14.23,13.05,7.54,14.23,31.52,31.48,31.54,6.6,13.83
004801.OF,6.04,14.5,3.8,6.04,28.84,28.82,28.83,5.24,6.25
004807.OF,3,3.66,1.72,3,38.15,38.11,38.15,2.07,3
004823.OF,5.81,12.3,4.8,5.83,29.56,29.55,29.55,3.72,5.84
004852.OF,8.94,24.68,4.8,8.94,38.26,38.26,38.26,4.56,8.87
004885.OF,10.03,16.59,5.26,10.03,24.12,24.12,24.13,5.21,10
004902.OF,8.2,13.07,4.97,8.2,26.36,26.34,26.36,5.28,8.18
004913.OF,10.47,19.01,5.17,10.47,31.28,31.28,31.28,5.68,10.55
004916.OF,14.6,14.07,7.74,14.6,26.06,26.05,26.06,6.78,14.65
004946.OF,6.91,12.48,3.32,6.91,28.24,28.24,28.25,4.28,6.89
004952.OF,4.83,6.53,2.57,4.83,24.64,24.64,24.64,3.94,4.87
004975.OF,4.07,4.87,1.74,4.07,25.34,25.34,25.34,2.81,4.1
004982.OF,12.41,16.7,8.19,12.42,31.52,31.5,31.51,6.68,12.45
004988.OF,7.62,16.17,3.29,7.62,30.15,30.15,30.15,4.6,7.63
005014.OF,5.57,9.61,4.9,5.57,28.04,28.04,28.04,2.04,5.73
005039.OF,7.67,8.7,3.87,7.68,24.26,24.26,24.26,4.39,7.73
005059.OF,5.26,12.68,4.03,5.27,23.86,23.86,23.86,2.93,5.23
005078.OF,7.67,13.44,4.32,7.67,28.41,28.4,28.4,4.94,7.7
005121.OF,10.73,19.28,6.85,10.73,29.18,29.18,29.18,7.72,10.93
005128.OF,11.39,18.75,4.53,11.37,29.25,29.25,29.25,5.97,11.21
005140.OF,10.65,19.83,5.55,10.64,28.26,28.25,28.26,6.72,10.7
005144.OF,8.01,23.68,4.25,8.01,33.87,33.86,33.86,3.94,8.15
005159.OF,6.48,11.28,3.91,6.48,20.38,20.28,20.37,2.8,6.47
005166.OF,13.23,22.07,6.6,13.22,25.8,25.79,25.8,8.41,13.24
005167.OF,8.64,16.13,3.66,8.64,27.13,27.13,27.15,3,8.63
005177.OF,7.21,13.53,4.18,7.21,26.15,26.14,26.15,4.99,7.27
005212.OF,5.2,8.34,3.49,5.2,27.93,27.93,27.93,3.75,5.25
005252.OF,11.98,18.01,8.39,11.98,17.67,17.67,17.69,6.36,12
005271.OF,14.69,16.54,5.96,14.68,25.69,25.69,25.69,9.4,14.71
005274.OF,10.44,19.97,7.16,10.43,35.13,35.12,35.19,6.26,10.48
005291.OF,12.61,21.38,4.54,12.61,24.11,24.09,24.11,8.79,12.57
005305.OF,9.72,11.59,3.83,9.73,22.87,22.87,22.87,4.37,9.73
005317.OF,10.91,19.26,5.16,10.91,28.57,28.59,28.62,7.79,10.95
005329.OF,12.35,13.82,1.71,12.35,25.18,25.18,25.18,6.11,12.32
005397.OF,8.95,20.26,6.8,8.95,30.6,30.59,30.6,6.03,8.96
005416.OF,5.28,12.34,2.16,5.29,28.34,28.34,28.34,2.5,5.25
005522.OF,10.49,14.19,7.76,10.48,24.35,24.35,24.36,6.9,10.5
005523.OF,3.49,6.91,1.71,3.5,24.57,24.57,24.58,1.7,3.5
005552.OF,8.07,19.16,6.08,8.07,29.66,29.66,29.67,4.69,8.34
005579.OF,11.43,12.75,3.23,11.42,20.95,20.95,20.98,3.74,11.5
005652.OF,5.43,10.02,2.87,5.44,28.75,28.75,28.75,3.05,5.44
005656.OF,6.12,7.86,3.04,6.12,25.3,25.3,25.3,3.55,6.12
005664.OF,7.15,9.09,4.28,7.16,25.65,25.65,25.67,3.93,7.27
005678.OF,7.02,11.01,4.52,7.01,25.35,25.33,25.35,2.8,7.01
005679.OF,12.32,19.22,7.63,12.32,26.13,26.13,26.13,8.11,12.42
005686.OF,8,11.95,6.58,8,27.45,27.46,27.47,3.93,7.96
005706.OF,5.99,7.25,3.48,5.99,27.45,27.44,27.45,3.56,6.02
005746.OF,9.66,13.51,7.13,9.65,35.43,35.43,35.43,7.91,9.73
005750.OF,6.81,15.38,5.9,6.82,31.05,31.04,31.04,2.77,6.78
005823.OF,4.57,8.35,3,4.56,30.89,30.89,30.89,2.32,4.59
005843.OF,6.75,10.67,2.69,6.75,20.22,20.21,20.22,3.68,6.79
005886.OF,8.74,13.72,5.35,8.74,28.02,28.02,28.02,5.67,8.9
005906.OF,8.61,15.8,4.82,8.61,25.41,25.4,25.41,3.99,8.58
005943.OF,9.04,16.95,4.89,9.04,30.01,30,30.01,4.77,9.49
006004.OF,7.06,9.45,3.1,7.06,22.17,22.17,22.17,1.77,7.07
006059.OF,5.05,4.47,1.72,5.05,20.88,20.88,20.88,2.64,5.06
006061.OF,10.34,14.17,3.97,10.33,27.1,27.07,27.07,6.86,10.36
006114.OF,9.1,11.7,5.37,9.09,24.28,24.28,24.28,4.75,9.09
006140.OF,7.18,14.15,4.02,7.19,28.29,28.29,28.29,4.21,7.22
006174.OF,4.86,8.14,2.99,4.86,21.4,21.38,21.4,3.72,4.86
006188.OF,8.64,18.49,3.76,8.64,26.05,25.97,26.03,4.53,8.65
006207.OF,6.74,13.14,3.32,6.74,25.67,25.67,25.67,4.83,6.84
006353.OF,6.16,7.76,3.77,6.16,20.85,20.81,20.83,3.78,6.16
006398.OF,8.61,12.93,5.59,8.61,24.64,24.66,24.7,6.32,8.63
006459.OF,5.78,13.17,4.13,5.78,27.63,27.6,27.6,3.1,5.77
006466.OF,6.39,10.27,4.22,6.39,23.22,23.21,23.22,4.63,6.4
006500.OF,8.71,27.86,5.56,8.71,33.07,33.07,33.07,5.1,8.69
006535.OF,13.74,26.89,9.47,13.74,27.33,27.33,27.33,9.09,13.71
006638.OF,15.49,27.62,10.83,15.5,37.37,37.24,37.31,8.45,15.53
006654.OF,11.23,14.19,6.71,11.23,24.95,24.9,24.95,6.84,11.22
006738.OF,9.98,15.99,5.75,9.97,27.56,27.55,27.55,7.86,10.08
006832.OF,5.04,6.94,2.2,5.04,27,27,27,3.93,5.06
006839.OF,8.28,15.35,5.49,8.27,29.56,29.55,29.56,4.11,8.27
006854.OF,7.02,14.72,3.12,7.02,20.36,20.09,20.38,4.54,7.01
006896.OF,11.81,19.7,7.48,11.81,19.65,19.62,19.63,4.69,11.79
006952.OF,5,8.92,3.38,5,30.04,30.04,30.04,3.14,4.99
006973.OF,4.64,9.1,2.75,4.64,24.99,24.99,24.99,2.8,4.7
006974.OF,6.31,11.68,3.97,6.31,31.06,31,31.06,3.14,6.3
007128.OF,7.25,10.87,5.17,7.26,27.44,27.43,27.44,4.12,7.26
007266.OF,16.95,18.93,9.4,16.95,28.56,28.56,28.56,11.77,16.93
007282.OF,9.48,16.32,5.63,9.48,21.17,21.17,21.18,5.27,9.47
007318.OF,5.22,7.91,2.77,5.22,31.94,31.88,31.91,3.58,5.37
007385.OF,7.1,10.63,4.66,7.1,26.32,26.31,26.31,4.59,7.08
007415.OF,5.56,8.92,2.46,5.56,29.95,29.96,30,3.16,5.55
007712.OF,6.56,10.8,4.32,6.56,21.89,21.89,21.89,3.87,6.55
007725.OF,6.66,12.99,3.56,6.66,26.64,26.64,26.67,4.49,6.65
007752.OF,7.95,11.13,4.58,7.95,26.88,26.85,26.88,4.75,7.98
007767.OF,8.83,17.22,3.87,8.83,30.52,30.28,30.51,3.72,8.82
007781.OF,16.51,17.39,5.5,16.5,28.61,28.61,28.61,9.27,16.6
007879.OF,6.62,12.27,3.95,6.62,25.58,25.58,25.62,3.99,6.63
007884.OF,5.46,8.6,4.26,5.46,26.38,26.37,26.38,3.02,5.43
020002.OF,7.05,16.19,2.5,7.05,22.64,22.65,22.64,4.28,7.06
020033.OF,6.26,6.9,2.89,6.25,31.7,31.69,31.7,1.86,6.26
040009.OF,8.82,14.03,3.71,8.81,18.05,18.03,18.04,4.78,8.8
040012.OF,10.13,16.84,7.01,10.13,28.97,28.97,28.97,7.89,10.16
040019.OF,4.82,5.43,2.25,4.82,23.77,23.77,23.77,2.79,4.88
040036.OF,4.79,9.45,2.33,4.8,35.75,35.75,35.75,1.54,4.83
050006.OF,8.35,12.46,4.14,8.35,21.92,21.88,21.92,5.24,8.35
050016.OF,5.92,9.88,3.64,5.92,24.09,24.09,24.1,3.91,5.91
050023.OF,8.32,16.35,6.29,8.32,28.05,28.05,28.05,4.98,8.31
070015.OF,6.38,13.69,3.04,6.38,21.21,21.21,21.21,4.57,6.41
070020.OF,4.5,8.18,2.72,4.49,26.18,26.18,26.18,2.82,4.52
080003.OF,5.92,10.2,2.84,5.92,29.17,29.16,29.17,3.09,5.9
090002.OF,3.65,6.11,2.51,3.66,26.12,26.12,26.12,2.1,3.64
090006.OF,3.56,7.63,2.2,3.56,26.77,26.76,26.78,2.69,3.7
100018.OF,3.38,11.61,2.25,3.38,25.72,25.71,25.75,2.16,3.37
100035.OF,4.22,8.86,2.7,4.22,27.5,27.49,27.5,2.49,4.28
110007.OF,6.27,11.05,4.04,6.27,27.43,27.43,27.43,4.19,6.33
110017.OF,4.8,9.77,2.55,4.8,27.68,27.67,27.68,3.53,4.83
110027.OF,4.27,7.89,2.82,4.27,25.47,25.47,25.47,3.39,4.33
110035.OF,7.94,14.21,3.11,7.93,21.41,21.41,21.41,5.14,7.98
121009.OF,4.61,9.38,2.85,4.61,29.65,29.6,29.62,3.58,4.62
121012.OF,4.3,5.89,1.66,4.3,23,23.02,23.04,2.97,4.32
151002.OF,4.57,10.06,2.83,4.57,24.99,24.98,24.98,3.19,4.59
160220.OF,5.64,7.81,2.01,5.64,30.04,30.03,30.04,2.71,5.65
160323.OF,7.32,10.96,5.43,7.31,27.37,27.36,27.37,3.29,7.24
160513.OF,8.15,11.35,4.91,8.15,22.69,22.68,22.76,4.04,8.14
160524.OF,14.21,26.37,9.03,14.2,31.31,31.32,31.33,12.88,14.23
160612.OF,5.99,8.88,3.67,5.98,28.53,28.53,28.54,4.28,6.07
160622.OF,3.39,4.61,2.32,3.39,21.44,21.45,21.44,2.88,3.4
161010.OF,6.63,11.69,3.6,6.62,21.87,21.87,21.87,4.3,6.64
161015.OF,3.86,5.54,2.22,3.86,13.76,13.72,13.8,2,3.87
161019.OF,4.63,7.76,3.35,4.63,17.01,17.02,17.01,2.67,4.62
161115.OF,6.7,13.09,5.45,6.7,26.73,26.7,26.73,4.86,6.68
161216.OF,4.77,7.21,2.39,4.76,27.89,27.88,27.89,3.35,4.77
161505.OF,7.22,10.07,4.94,7.22,28.44,28.43,28.44,4.6,7.19
161603.OF,8.79,15.89,4.27,8.79,26.62,26.64,26.62,4.97,8.8
161618.OF,13.69,19.65,8.06,13.69,24.41,24.02,24.37,5.59,13.69
161626.OF,7.02,8.46,4.72,7.02,25.69,25.69,25.7,5.55,7.01
161722.OF,6.18,13.47,2.07,6.18,26.13,26.13,26.14,4.02,6.29
162205.OF,5.99,8.88,2.35,5.99,29.72,29.72,29.72,3.51,6.06
162210.OF,11.88,19.8,7.24,11.88,30.59,30.55,30.56,7.69,11.84
162215.OF,11.57,17.67,5.97,11.58,26.05,26.05,26.05,8.66,11.56
162414.OF,7.4,13.5,4.13,7.4,27.95,27.93,27.94,4.59,7.43
162712.OF,4.91,6.89,2.35,4.9,31.64,31.63,31.64,3.04,4.93
163003.OF,11.13,16.32,2.24,11.13,19.69,19.67,19.69,5.22,11.11
163806.OF,5.37,6.55,1.72,5.37,24.43,24.38,24.43,3.67,5.38
163811.OF,5.39,8.48,2.08,5.39,23.04,23.04,23.04,3.92,5.39
163819.OF,5.52,12.56,3.34,5.52,23.93,23.92,23.94,3.86,5.56
163825.OF,6.86,9.74,2.23,6.86,19.34,19.34,19.34,3.52,6.86
164105.OF,5.29,5.87,3.4,5.3,24.25,23.97,23.98,3.52,5.27
164208.OF,5.51,8.93,3.07,5.51,27.44,27.26,27.47,2.65,5.51
164606.OF,10.89,14.59,6.92,10.89,21.55,21.5,21.52,8.34,10.9
164808.OF,3.19,6.31,2.32,3.19,23.76,23.74,23.76,1.72,3.19
165311.OF,7.5,9.42,3.05,7.5,16.82,16.8,16.82,5.33,7.55
165526.OF,6.09,6.95,3.79,6.09,27.91,27.91,27.91,3.82,6.11
166010.OF,8.91,14.13,5.56,8.91,26.32,26.32,26.32,3.75,9
166105.OF,7.64,16.71,3.51,7.63,30.67,30.67,30.67,5.14,7.69
167003.OF,10.28,21.53,8.24,10.28,28.78,28.76,28.77,7.41,10.42
169106.OF,6.06,11.08,3.03,6.06,25.09,25.09,25.11,3.19,6.06
180015.OF,4.52,6.47,3.05,4.52,28.35,28.36,28.4,2.66,4.54
180025.OF,5.47,6.01,2.69,5.47,28.44,28.44,28.44,4.62,5.53
202101.OF,3.77,6.91,1.61,3.77,25.16,23.76,25.16,1.12,3.78
202102.OF,7.01,11.87,2.55,7.01,24.41,24.4,24.41,3.56,7
202105.OF,3.32,4.05,1.85,3.32,26.23,26.23,26.23,0.94,3.24
206003.OF,5.83,7.11,3.49,5.83,29.91,29.91,29.91,3.67,5.86
206008.OF,5.22,7.18,3.3,5.22,26.17,26.17,26.17,3.72,5.28
206018.OF,2.86,5.11,1.73,2.87,20.58,20.55,20.57,2,2.87
210006.OF,10.25,22.96,5.83,10.24,24.87,24.86,24.87,5.47,10.26
210007.OF,9.06,13.32,3.03,9.06,31.88,31.87,31.87,1.95,8.98
210010.OF,9.8,17.2,4.09,9.8,27.54,27.54,27.54,3.3,9.78
213007.OF,12.31,25.89,7.37,12.3,35.59,35.58,35.59,9.96,12.31
217008.OF,6.32,8.99,2.07,6.31,25.88,25.88,25.88,4.53,6.33
217023.OF,6.6,9.87,3.6,6.6,27.25,27.25,27.26,2.49,6.6
217024.OF,5.39,11.65,2.29,5.38,26.22,26.22,26.22,3.27,5.4
233005.OF,4.39,4.45,2.3,4.39,15.7,15.72,15.7,2.26,4.39
233012.OF,5.56,7.69,2.79,5.56,21.62,21.64,21.66,3.95,5.56
240003.OF,4.09,5.27,2.68,4.09,22.53,22.48,22.53,2.82,4.08
240012.OF,8.66,12.98,4.72,8.67,18.93,18.92,18.93,5.95,9.01
253010.OF,9.19,23.13,4.21,9.2,27.1,27.09,27.1,3.37,8.59
253060.OF,8.05,10.1,3.13,8.05,27.66,27.65,27.66,6.27,8.04
270029.OF,4.13,4.91,2.1,4.12,25.51,25.5,25.5,2.16,4.13
310508.OF,6.99,9.38,3.74,6.98,27.67,27.67,27.67,4.3,6.97
320021.OF,7.43,16.45,6.22,7.43,27.7,27.7,27.7,5.08,7.51
340009.OF,4.14,5.27,2.91,4.14,23.68,23.67,23.68,2.5,4.15
350006.OF,15.69,24.58,7.46,15.69,29.67,29.63,29.64,9.84,15.75
360008.OF,9.32,11.06,3.45,9.32,24.69,24.67,24.69,5.76,9.32
371020.OF,10.06,13.56,4.88,10.05,26,25.99,26,5.14,10.06
372010.OF,9.61,18.57,6,9.61,26.25,26.22,26.23,6.48,9.6
380009.OF,5.74,8.49,2.46,5.74,11.75,11.76,11.75,3.79,5.74
395001.OF,11,14.97,5.4,11,25.34,25.33,25.34,2.64,10.97
395011.OF,8.62,18.21,4.45,8.61,25.63,25.62,25.63,3.97,8.59
400016.OF,5.23,9.32,3.41,5.23,23.57,23.57,23.58,2.59,5.18
400027.OF,4.68,7.68,3.08,4.67,24.31,24.32,24.32,1.35,4.74
410004.OF,3.34,5.68,2.74,3.34,26.19,26.19,26.23,2.11,3.37
420002.OF,5.95,9.36,4.25,5.96,28.1,28.09,28.1,3.76,5.97
420008.OF,14.48,20.1,8.94,14.48,21.09,21.1,21.1,4.24,14.48
420009.OF,4.97,6.8,3.43,4.97,22.44,22.43,22.44,3.02,5
450005.OF,3.98,9.62,2.37,3.98,24.84,24.85,24.86,2.53,4.02
450018.OF,7.55,12.24,4.32,7.55,19.37,19.36,19.38,3.39,7.55
470010.OF,7.93,13.14,4.45,7.93,32.25,32.25,32.25,3.91,7.87
470018.OF,4.68,7.43,2.44,4.67,28.82,28.83,28.84,2.93,4.7
470088.OF,3.92,7.31,2.42,3.93,34.27,34.27,34.27,2.27,3.96
485105.OF,2.89,8.3,1.71,2.89,29.96,29.96,29.96,2.34,2.96
485107.OF,6.34,10.85,4.4,6.34,26.62,26.61,26.62,3.05,6.37
485111.OF,6.12,14.18,4.41,6.12,29.26,29.25,29.28,4.37,6.14
501000.OF,9.15,17.63,5.26,9.16,27.02,27.02,27.02,5.09,9.22
501017.OF,5.29,7.67,2.4,5.29,30.69,30.69,30.68,2.35,5.13
501027.OF,6.09,8.82,4.6,6.09,33.52,33.45,33.52,4.63,6.07
501039.OF,12.77,15.82,7.47,12.77,29.41,29.42,29.42,6.9,12.89
501041.OF,15.71,25.91,10.42,15.71,32.59,32.49,32.55,6.57,15.7
501053.OF,8.27,13.28,4.58,8.27,21.44,21.37,21.42,3.98,8.26
519007.OF,7.17,8.04,4.45,7.16,30.85,30.81,30.81,5.17,7.22
519023.OF,13.49,23.84,5.67,13.49,22.96,23.05,23.02,10.4,13.49
519030.OF,5.2,9.62,2.56,5.2,23.94,23.97,23.98,2.93,5.18
519050.OF,5.28,9.07,3.45,5.28,26.6,26.58,26.59,1.94,5.33
519061.OF,11.49,27.13,8.78,11.49,29.35,29.34,29.35,5.88,11.43
519127.OF,6.54,9.45,3.24,6.54,32.84,32.83,32.84,5.07,6.57
519134.OF,7.83,7.89,4.27,7.83,25.95,25.96,25.97,3.86,7.93
519160.OF,6.2,7.53,3.81,6.2,22.14,22.16,22.16,4.37,6.2
519162.OF,13.84,18.71,8.3,13.84,25.56,25.54,25.56,6.84,13.91
519175.OF,6.36,8.19,3.72,6.36,27.25,27.25,27.25,4.76,6.28
519186.OF,6.94,12.45,3.86,6.96,40.09,40.08,40.08,4.48,7
519197.OF,8.52,14.2,2.99,8.51,29.14,29.14,29.15,3.44,8.52
519222.OF,5.37,11.14,2.69,5.36,28.93,28.93,28.93,2.36,5.39
519229.OF,4.63,6.5,2.05,4.62,30.73,30.72,30.72,1.55,4.78
519616.OF,6.24,12.13,4.29,6.24,27.14,27.13,27.14,3.27,6.28
519625.OF,7.27,12.58,5.27,7.27,24.67,24.67,24.68,2.94,7.27
519627.OF,7,12.87,3.32,7,28.08,28.06,28.07,4.78,7.05
519652.OF,10.21,17.7,4.46,10.21,25.27,25.28,25.3,7.14,10.2
519660.OF,10.4,24.85,8.19,10.4,30.86,30.86,30.87,7.3,10.41
519666.OF,11.35,22.61,9.27,11.35,33.11,33.12,33.17,4.68,11.35
519676.OF,6.58,13.55,3.75,6.58,32.36,32.36,32.36,3.03,6.58
519680.OF,3.05,3.44,1.92,3.04,22.53,22.53,22.53,1.51,3.07
519683.OF,9.97,23.05,5.71,9.96,35.3,35.29,35.3,6.83,9.98
519726.OF,10.17,11.27,5.47,10.16,35.41,35.41,35.41,5.87,10.17
519730.OF,7.92,9.96,4.72,7.92,31.56,31.56,31.57,5.48,8.01
519733.OF,12.76,13.1,5.5,12.75,32.53,31.54,31.54,7.16,13.01
519738.OF,3.86,5.47,2.56,3.87,28.91,28.94,28.96,3.07,3.87
519752.OF,4.16,5.59,2.06,4.16,30.14,30.14,30.14,2.63,4.24
519753.OF,6.98,10.03,4.87,6.98,35.48,35.45,35.46,2.89,6.97
519755.OF,4.4,6.05,2.12,4.41,29.34,29.34,29.37,3.74,4.45
519766.OF,5.87,6.43,3.67,5.87,30.69,30.67,30.69,4.85,5.88
519768.OF,3.79,5.44,2.55,3.71,33.75,33.74,33.75,2.24,3.79
519770.OF,3.54,6.04,2.25,3.54,32.34,32.34,32.34,2.31,3.57
519933.OF,7.34,10.63,4.88,7.34,25.23,25.22,25.23,5.02,7.49
519963.OF,8.27,12.58,4.51,8.25,25.87,25.87,25.87,5.79,8.31
519989.OF,5.62,7.46,3.77,5.61,25.2,25.19,25.2,3.1,5.62
530008.OF,4.64,7.24,1.93,4.64,23.19,23.17,23.19,2.31,4.64
530009.OF,8.51,16.69,5.52,8.59,27.45,27.44,27.44,4.76,8.56
540001.OF,4.2,8.31,3.09,4.2,28.6,28.57,28.6,2.24,4.21
550004.OF,3.71,4.43,1.75,3.71,27.4,27.4,27.4,1.49,3.72
573003.OF,7.41,11.24,4.15,7.41,26.79,26.74,26.76,2.85,7.5
610008.OF,12.96,21.16,8.57,12.96,28.78,28.77,28.78,3.37,12.96
620003.OF,3.54,9.21,2.03,3.54,31.23,31.22,31.23,2.63,3.57
630003.OF,6.69,8.19,2.14,6.69,23.27,23.27,23.27,2.83,6.7
630007.OF,9.45,12.8,5.35,9.44,21.81,21.81,21.81,5.65,9.41
630009.OF,6.35,8.66,3.36,6.36,24.23,24.26,24.29,4.86,6.44
660009.OF,4.87,8.64,2.88,4.87,26.83,26.83,26.91,2.13,4.69
675081.OF,5.08,10.36,3.31,5.09,34.55,34.55,34.56,3.02,5.08
690002.OF,5.86,7.01,3.05,5.86,26.33,26.33,26.34,3.74,5.83
720003.OF,10.93,15.79,6.81,10.92,27.37,27.37,27.37,8.24,11.25
750002.OF,9.65,25.32,6.12,9.65,34.7,34.64,34.7,8.32,9.66
952024.OF,5.39,11.11,4.12,5.39,22.67,22.67,22.68,3.55,5.45
mean,7.31 ,12.18 ,4.18 ,7.31 ,27.37 ,27.36 ,27.37 ,4.26 ,7.33 
max,21.49,30.88,11.75,21.49,41.66,41.58,41.63,15.08,21.47
min,1.46,1.83,0.91,1.47,11.75,11.76,11.75,0.53,1.5
median,6.615,11.275,3.805,6.62,27.26,27.255,27.26,3.835,6.665
std,3.04 ,5.26 ,1.96 ,3.04 ,4.05 ,4.05 ,4.04 ,2.09 ,3.04 
