,R2,R3,R5,R6,R7,R8,,,,,,,,,
000045.OF,10.46,2.47,28.03,28.02,28.03,1.14,,,,,,,,,
000047.OF,9.1,4.1,20.03,20.02,20.03,5.35,,,,,,,,,
000054.OF,10.76,3.18,24.89,24.89,24.9,5.39,,,,,,,,,
000065.OF,9.96,3.69,22.66,22.66,22.66,3.14,,,,,,,,,
000072.OF,14.42,3.33,27.19,27.19,27.19,3.5,,,,,,,,,
000107.OF,6.58,2.74,25.08,25.08,25.08,2.09,,,,,,,,,
000110.OF,24.63,3.67,28.49,28.49,28.49,4.86,,,,,,,,,
000118.OF,12.09,2.12,22.81,22.81,22.81,1.98,,,,,,,,,
000121.OF,10.96,4.34,27.1,27.1,27.1,3.33,,,,,,,,,
000130.OF,12.11,3.92,24.75,24.75,24.75,6.25,,,,,,,,,
000142.OF,14.22,6,24.39,24.39,24.39,5.74,,,,,,,,,
000143.OF,6.77,3.91,27.61,27.61,27.63,3.27,,,,,,,,,
000149.OF,4.52,1.87,26.4,26.43,26.43,1.93,,,,,,,,,
000171.OF,8.58,2.96,30.22,30.22,30.22,2.66,,,,,,,,,
000181.OF,15.49,9.8,22.09,22.08,22.09,7.68,,,,,,,,,
000189.OF,10.33,4.18,28.23,28.23,28.23,2.58,,,,,,,,,
000190.OF,4.95,2.17,31.23,31.23,31.24,2.56,,,,,,,,,
000195.OF,9.35,2.96,27.68,27.68,27.68,4.07,,,,,,,,,
000207.OF,15.86,7.46,26.75,26.84,26.75,10.76,,,,,,,,,
000215.OF,3.98,1.13,35.52,35.51,35.52,0.53,,,,,,,,,
000227.OF,9.5,5.49,23.52,23.31,23.65,4.34,,,,,,,,,
000236.OF,6.36,1.96,28.44,28.44,28.44,2.77,,,,,,,,,
000239.OF,15.3,6.38,27.13,27.11,27.19,9.11,,,,,,,,,
000244.OF,10.38,3.22,25.02,25.02,25.02,8.54,,,,,,,,,
000254.OF,24.34,6.5,19,19.02,19,15.08,,,,,,,,,
000310.OF,25.81,3.66,30.83,30.82,30.83,6.97,,,,,,,,,
000314.OF,6.36,2.98,28.11,28.11,28.11,1.88,,,,,,,,,
000338.OF,5.14,2.47,30.84,30.84,30.85,2.92,,,,,,,,,
000367.OF,17.25,2.92,31.88,31.83,31.85,3.13,,,,,,,,,
000377.OF,6.7,3.77,28.3,28.3,28.3,4.5,,,,,,,,,
000385.OF,7.25,3.66,31.96,31.96,31.96,2.48,,,,,,,,,
000406.OF,10.04,5.19,30.04,30.05,30.12,4.32,,,,,,,,,
000436.OF,5.6,1.79,28.29,28.28,28.29,1.56,,,,,,,,,
000463.OF,8.5,1.75,34.57,34.56,34.57,2.56,,,,,,,,,
000507.OF,14.82,4.55,26.56,26.59,26.75,3.68,,,,,,,,,
000511.OF,10.18,2.38,29.19,29.2,29.21,2.5,,,,,,,,,
000526.OF,7.98,1.81,25.62,25.62,25.62,1.87,,,,,,,,,
000546.OF,9.55,3.58,21.36,21.36,21.36,3.92,,,,,,,,,
000572.OF,9.85,2.34,28.61,28.61,28.62,3.33,,,,,,,,,
000583.OF,18.8,5.83,32.43,32.41,32.43,6.46,,,,,,,,,
000590.OF,16.78,6.18,24.43,24.41,24.42,3.97,,,,,,,,,
000597.OF,12.58,3.63,24.8,24.8,24.8,2.99,,,,,,,,,
000639.OF,27.27,8.18,35.9,35.76,35.83,5.52,,,,,,,,,
000664.OF,18.09,5.6,27.45,27.45,27.46,6.05,,,,,,,,,
000744.OF,14.17,5.81,22.48,22.48,22.5,3.53,,,,,,,,,
000804.OF,11.78,8.77,25.14,25.13,25.12,6.07,,,,,,,,,
000875.OF,10.29,3.84,21.08,21.08,21.08,3.84,,,,,,,,,
000894.OF,11.18,1.64,26.5,26.47,26.48,2.29,,,,,,,,,
000896.OF,14.24,6.72,25.56,25.56,25.56,7.02,,,,,,,,,
000932.OF,13.86,4.51,25.87,25.74,25.86,6.42,,,,,,,,,
000953.OF,11.94,3.19,30.86,30.86,30.92,3.4,,,,,,,,,
000973.OF,7.01,3.07,22.93,22.93,22.93,4,,,,,,,,,
001001.OF,11.76,5.51,23.69,23.67,23.68,4.11,,,,,,,,,
001011.OF,6.86,3.12,24.11,24.1,24.1,2.67,,,,,,,,,
001019.OF,9.75,2.23,21.22,21.21,21.22,3.89,,,,,,,,,
001035.OF,3.4,1.69,30.54,30.55,30.55,2.36,,,,,,,,,
001067.OF,4.06,1.35,34.22,34.22,34.22,1.58,,,,,,,,,
001110.OF,10.47,4.23,31.51,31.52,31.52,4.8,,,,,,,,,
001115.OF,10.6,4.34,31.04,31.03,31.04,3.29,,,,,,,,,
001122.OF,7.11,2.08,26.41,26.41,26.41,1.53,,,,,,,,,
001136.OF,6.04,2.18,28.78,28.77,28.78,3.1,,,,,,,,,
001139.OF,18.27,8.24,23.42,23.41,23.45,5.44,,,,,,,,,
001146.OF,14.43,4.49,25.84,25.84,25.85,5.74,,,,,,,,,
001157.OF,10.14,3.28,26.68,26.68,26.68,3.5,,,,,,,,,
001164.OF,8.62,2.63,28.22,28.24,28.25,1.96,,,,,,,,,
001172.OF,11.12,4.4,30.6,30.59,30.6,3.68,,,,,,,,,
001182.OF,8.31,2.11,32.26,32.26,32.26,1.87,,,,,,,,,
001183.OF,6.44,1.44,27.28,27.27,27.28,1.08,,,,,,,,,
001189.OF,4.36,1.62,28.94,28.93,28.94,1.43,,,,,,,,,
001190.OF,14.02,6.38,31.78,31.77,31.78,6.19,,,,,,,,,
001194.OF,5.23,2.9,32.57,32.58,32.58,2.2,,,,,,,,,
001196.OF,18.09,4.77,31.1,31.09,31.09,6.24,,,,,,,,,
001199.OF,20.37,4.32,24.27,24.27,24.27,3.18,,,,,,,,,
001201.OF,8.85,2.85,31.35,31.34,31.35,3.64,,,,,,,,,
001202.OF,7.18,3.17,28.08,28.08,28.08,2.58,,,,,,,,,
001203.OF,8.7,1.9,25.05,25.05,25.05,2.32,,,,,,,,,
001228.OF,21.12,8.82,25.02,25.02,25.02,8.43,,,,,,,,,
001235.OF,8.1,2.68,20.17,20.14,20.2,3.48,,,,,,,,,
001249.OF,3.66,1.11,32.07,32.06,32.07,1.67,,,,,,,,,
001257.OF,9.06,2.85,23.31,23.3,23.31,4.18,,,,,,,,,
001265.OF,17.66,2.95,34.19,34.18,34.2,5.16,,,,,,,,,
001282.OF,18.3,2.99,27.57,27.57,27.57,4.85,,,,,,,,,
001285.OF,2.83,1.21,28,27.99,28,1.53,,,,,,,,,
001289.OF,8.28,2.47,24.13,24.16,24.18,3.01,,,,,,,,,
001309.OF,9.56,3.21,30.28,30.28,30.29,3.77,,,,,,,,,
001311.OF,19.62,9,31.49,31.39,31.46,6.41,,,,,,,,,
001312.OF,7.57,2.86,24.39,24.39,24.39,2.28,,,,,,,,,
001314.OF,6.54,3.86,34.51,34.51,34.51,2.84,,,,,,,,,
001316.OF,13,3.18,30.19,30.19,30.2,3.79,,,,,,,,,
001324.OF,11.49,4.31,25.85,25.84,25.85,3.84,,,,,,,,,
001329.OF,8.37,2.8,28.17,28.17,28.17,3.12,,,,,,,,,
001331.OF,11.12,5.43,26.79,26.79,26.79,4.59,,,,,,,,,
001334.OF,5.51,1.56,25.16,25.14,25.16,1.44,,,,,,,,,
001335.OF,12.89,4.24,25.19,25.18,25.17,2.57,,,,,,,,,
001336.OF,11.56,3.37,26.15,26.15,26.15,2.84,,,,,,,,,
001342.OF,4.63,1.42,31.05,31.05,31.05,1.83,,,,,,,,,
001355.OF,14.19,5.78,25.83,25.84,25.87,7.92,,,,,,,,,
001358.OF,17.73,8.47,27.04,27,27.04,5.56,,,,,,,,,
001362.OF,6.1,2.84,32.67,32.67,32.67,1.26,,,,,,,,,
001367.OF,14.84,5.73,24.46,24.39,24.42,3.16,,,,,,,,,
001370.OF,9.02,1.74,30.1,30.1,30.1,4.1,,,,,,,,,
001399.OF,15.12,6.99,27.44,27.44,27.45,5.55,,,,,,,,,
001402.OF,5.68,1.32,30.87,30.88,30.87,1.42,,,,,,,,,
001405.OF,10.63,3.19,26.45,26.45,26.45,3.27,,,,,,,,,
001415.OF,17.25,3.6,27.66,27.66,27.66,5.18,,,,,,,,,
001418.OF,15.96,7.81,38.58,38.57,38.57,7.05,,,,,,,,,
001422.OF,4.24,3.06,33.26,33.24,33.24,2.64,,,,,,,,,
001427.OF,5.38,2.4,28.63,28.63,28.63,2.16,,,,,,,,,
001433.OF,3.89,0.9,27.19,27.18,27.18,1.56,,,,,,,,,
001441.OF,16.71,3.2,33.95,33.94,33.95,7.03,,,,,,,,,
001443.OF,6.44,3.59,36.32,36.31,36.32,3.08,,,,,,,,,
001447.OF,13.46,2.7,22.5,22.5,22.5,3.03,,,,,,,,,
001453.OF,10.43,2.25,25.92,25.91,25.92,1.93,,,,,,,,,
001464.OF,9.95,4.41,29.57,29.57,29.57,2.54,,,,,,,,,
001470.OF,12.68,6.58,27.61,27.61,27.61,4.02,,,,,,,,,
001485.OF,15.05,10.48,27.69,27.55,27.69,7.33,,,,,,,,,
001488.OF,14.88,6.01,30.26,30.26,30.26,6.93,,,,,,,,,
001499.OF,10.08,3.03,31.54,31.41,31.54,2.46,,,,,,,,,
001506.OF,31.11,4.43,32.61,32.61,32.61,4.11,,,,,,,,,
001522.OF,7.6,2.04,27.04,27.02,27.02,2.42,,,,,,,,,
001524.OF,17.87,3.64,27.37,27.38,27.38,2.33,,,,,,,,,
001530.OF,13.31,5,26.12,26.11,26.12,4.28,,,,,,,,,
001562.OF,16.45,2.7,32.1,32.1,32.11,5.98,,,,,,,,,
001566.OF,14.35,5.28,24.86,24.86,24.87,2.77,,,,,,,,,
001570.OF,9.86,3.1,22.72,22.71,22.71,2.99,,,,,,,,,
001596.OF,5.11,2.89,24.09,24.09,24.09,2.69,,,,,,,,,
001633.OF,9.43,3.4,23.78,23.77,23.77,2.49,,,,,,,,,
001635.OF,9.48,3.82,33.43,33.42,33.43,3.64,,,,,,,,,
001664.OF,21.49,9.65,34.83,34.83,34.83,7.63,,,,,,,,,
001688.OF,8.75,3.41,25.56,25.55,25.55,2.12,,,,,,,,,
001710.OF,14.51,3.79,31.44,31.44,31.44,3.63,,,,,,,,,
001720.OF,5.24,1.91,25.53,25.56,25.58,2.57,,,,,,,,,
001721.OF,15.42,3.16,32.33,32.32,32.33,3.6,,,,,,,,,
001745.OF,9.3,3.1,32.22,32.22,32.22,3.42,,,,,,,,,
001747.OF,5.96,3.92,35.39,35.39,35.39,3.44,,,,,,,,,
001755.OF,9.05,2.96,27.32,27.32,27.32,3.5,,,,,,,,,
001756.OF,11.43,3.32,25.79,25.79,25.79,3.28,,,,,,,,,
001765.OF,10.27,4.09,30.66,30.65,30.66,3.5,,,,,,,,,
001800.OF,19.89,5.57,23.03,22.92,22.95,6.25,,,,,,,,,
001802.OF,6.37,2.51,22.89,22.89,22.89,3.67,,,,,,,,,
001806.OF,2.36,1.11,30.06,30.05,30.06,1.43,,,,,,,,,
001817.OF,3.78,1.45,31.7,31.7,31.7,1.61,,,,,,,,,
001835.OF,1.83,0.91,26.64,26.64,26.64,1.01,,,,,,,,,
001850.OF,14.69,3.11,32.78,32.77,32.8,2.33,,,,,,,,,
001862.OF,7.81,2.25,22.9,22.9,22.9,4.3,,,,,,,,,
001901.OF,11.42,5.83,26.96,26.96,26.96,8.77,,,,,,,,,
001903.OF,18.84,4.44,26.75,26.75,26.75,5.67,,,,,,,,,
001905.OF,20.12,6.11,27.51,27.47,27.47,9.16,,,,,,,,,
001922.OF,18.42,4.47,34.69,34.68,34.68,4.6,,,,,,,,,
001939.OF,6.69,4.36,31.92,31.93,31.92,4.56,,,,,,,,,
001945.OF,11.25,4.44,23.58,23.57,23.58,4.67,,,,,,,,,
002000.OF,12.09,3.59,27.12,27.12,27.12,2.98,,,,,,,,,
002005.OF,11.17,4.09,29.56,29.56,29.56,4.46,,,,,,,,,
002006.OF,6.66,1.54,24.03,24.03,24.03,2.2,,,,,,,,,
002009.OF,9.04,2.84,27.61,27.62,27.63,2.2,,,,,,,,,
002015.OF,9.99,4.39,24.71,24.7,24.71,4.84,,,,,,,,,
002018.OF,10.95,4.46,32.39,32.38,32.39,1.85,,,,,,,,,
002025.OF,7.57,3.05,30.78,30.78,30.78,2.12,,,,,,,,,
002027.OF,6.39,3.13,31.16,31.15,31.15,2.08,,,,,,,,,
002049.OF,10.15,2.14,21.36,21.36,21.37,4.9,,,,,,,,,
002054.OF,6.67,2.28,31.96,31.94,31.95,1.65,,,,,,,,,
002057.OF,6.86,3.05,32,32,32.01,1.93,,,,,,,,,
002065.OF,19.07,9.17,24.39,24.4,24.41,9.51,,,,,,,,,
002087.OF,8.8,2.99,27.17,27.15,27.16,3.67,,,,,,,,,
002111.OF,19.18,6.57,26.8,26.8,26.8,5.39,,,,,,,,,
002116.OF,12.55,4.65,27.03,26.98,27.01,4.11,,,,,,,,,
002120.OF,12.16,4.07,24.18,24.14,24.16,2.8,,,,,,,,,
002134.OF,11.71,4.02,28.94,28.93,28.94,2.04,,,,,,,,,
002156.OF,7.62,4.65,30.54,30.54,30.54,4.38,,,,,,,,,
002161.OF,14.65,8.23,28.84,28.84,28.84,6.75,,,,,,,,,
002222.OF,8.23,3.74,26.53,26.53,26.53,2.95,,,,,,,,,
002227.OF,7.96,3.22,24.04,24,24.02,2.09,,,,,,,,,
002254.OF,12.38,3.63,15.96,15.97,15.98,4.82,,,,,,,,,
002261.OF,11.78,5.92,25.5,25.49,25.5,5.52,,,,,,,,,
002276.OF,20.46,6.77,19.96,19.95,19.99,11.66,,,,,,,,,
002282.OF,8.13,2.97,28.48,28.47,28.47,4.03,,,,,,,,,
002331.OF,11.66,4.01,29.8,29.8,29.8,2.6,,,,,,,,,
002351.OF,10.73,2.32,29.13,29.13,29.13,2.25,,,,,,,,,
002358.OF,16.67,5.76,33.18,33.17,33.18,5.85,,,,,,,,,
002361.OF,10.19,1.99,26.27,26.26,26.27,2.06,,,,,,,,,
002363.OF,7.93,2.48,29.16,29.16,29.16,2.32,,,,,,,,,
002388.OF,25.89,8.42,34.07,34.04,34.07,8.73,,,,,,,,,
002389.OF,14.07,3.18,30.33,30.33,30.33,4.64,,,,,,,,,
002405.OF,7.48,1.22,23.89,23.89,23.89,4.68,,,,,,,,,
002411.OF,5.66,2.66,36.35,36.35,36.37,2.3,,,,,,,,,
002413.OF,7.25,3.15,29.48,29.49,29.49,1.95,,,,,,,,,
002430.OF,10.05,2.44,28.09,28.1,28.11,3.57,,,,,,,,,
002434.OF,12.69,5.49,26.51,26.51,26.51,6.18,,,,,,,,,
002455.OF,9.27,5.26,35.89,35.89,35.9,4.04,,,,,,,,,
002456.OF,15.43,3.42,35.51,35.51,35.51,4.6,,,,,,,,,
002458.OF,10.54,2.89,30.61,30.59,30.61,3.19,,,,,,,,,
002459.OF,13.86,4.26,22.51,22.5,22.51,4.66,,,,,,,,,
002461.OF,7.55,2.81,31.07,31.06,31.08,2.09,,,,,,,,,
002474.OF,16.4,1.97,29.97,29.97,29.97,4.77,,,,,,,,,
002475.OF,10.36,3.87,34.81,34.83,34.87,3.83,,,,,,,,,
002489.OF,13.62,4.32,29.81,29.83,29.85,4.71,,,,,,,,,
002490.OF,13.97,3.07,26.34,26.31,26.34,3.9,,,,,,,,,
002498.OF,8.68,3.94,27.26,27.26,27.29,3.74,,,,,,,,,
002501.OF,11.68,2.89,30.92,30.91,30.92,3.35,,,,,,,,,
002502.OF,9.03,2.75,28.38,28.38,28.38,1.7,,,,,,,,,
002514.OF,10.13,1.86,30.71,30.71,30.71,1.4,,,,,,,,,
002518.OF,20.65,11.46,32.78,32.78,32.78,6.43,,,,,,,,,
002521.OF,7.67,1.85,25.35,25.35,25.35,1.8,,,,,,,,,
002535.OF,15.04,4.25,31.19,31.19,31.19,4.98,,,,,,,,,
002574.OF,10.72,3.22,24.91,24.89,24.89,4.23,,,,,,,,,
002586.OF,23.33,9.62,33.18,33.18,33.18,7.74,,,,,,,,,
002600.OF,6.88,4.04,19.19,19.2,19.21,2.33,,,,,,,,,
002602.OF,21.38,5.45,30.43,30.42,30.43,4.43,,,,,,,,,
002612.OF,12.75,5.3,24.81,24.81,24.81,5.85,,,,,,,,,
002614.OF,19.43,5.49,29.42,29.41,29.42,7.63,,,,,,,,,
002616.OF,11.81,4.35,27.52,27.5,27.51,3.8,,,,,,,,,
002618.OF,8.27,4.24,32.68,32.68,32.69,2.52,,,,,,,,,
002622.OF,27.22,5.77,31.22,31.21,31.22,8.14,,,,,,,,,
002636.OF,18.79,5.71,29.62,29.58,29.6,7.11,,,,,,,,,
002639.OF,10.53,5,25.77,25.78,25.78,4.38,,,,,,,,,
002644.OF,14.91,5.9,31.07,31.01,31.07,6.83,,,,,,,,,
002651.OF,9.34,2.24,24.85,24.83,24.84,2.73,,,,,,,,,
002657.OF,7.61,3.82,26,26,26,3.77,,,,,,,,,
002664.OF,11,2.24,24.77,24.74,24.74,3.47,,,,,,,,,
002690.OF,15.53,4.58,27.93,27.93,27.93,7,,,,,,,,,
002701.OF,9.17,2.49,25.42,25.46,25.58,2.8,,,,,,,,,
002711.OF,17.78,2.59,26.97,26.97,26.97,4.71,,,,,,,,,
002714.OF,11.94,5.22,23.61,23.36,23.61,4.99,,,,,,,,,
002720.OF,11.1,3.45,30.68,30.68,30.75,3.79,,,,,,,,,
002723.OF,8.13,3.48,22.15,22.14,22.14,4.09,,,,,,,,,
002728.OF,5.43,2.4,29.97,29.97,29.97,2.47,,,,,,,,,
002734.OF,12.35,2.46,16.78,16.77,16.78,1.96,,,,,,,,,
002738.OF,5.14,1.35,32.28,32.28,32.28,1.53,,,,,,,,,
002749.OF,17.86,5.07,25.11,25.1,25.11,7.89,,,,,,,,,
002767.OF,5.26,1.84,25.97,26.35,25.97,2.2,,,,,,,,,
002776.OF,18.04,7.54,30.12,30.12,30.12,4.27,,,,,,,,,
002783.OF,6.8,2.99,23.96,23.95,23.95,3.14,,,,,,,,,
002792.OF,4.96,3.05,33.31,33.31,33.31,2.76,,,,,,,,,
002796.OF,7.22,3.19,24.51,24.51,24.51,4.17,,,,,,,,,
002813.OF,14.77,4.44,22.99,22.99,22.99,3.79,,,,,,,,,
002819.OF,6.29,2.55,26.91,26.9,26.9,1.88,,,,,,,,,
002826.OF,15.28,4.82,22.45,22.44,22.45,6.78,,,,,,,,,
002838.OF,16.6,8.94,17.96,17.96,17.96,11.13,,,,,,,,,
002901.OF,5.59,3.71,26.54,26.59,26.61,3.47,,,,,,,,,
002908.OF,8.93,4.45,25.84,25.83,25.84,3.95,,,,,,,,,
002925.OF,11.75,2.41,30.54,30.53,30.54,4.13,,,,,,,,,
002932.OF,5.67,2.54,27.94,27.93,27.94,1.78,,,,,,,,,
002934.OF,6.65,2.89,30.13,30.13,30.13,1.54,,,,,,,,,
002946.OF,12.89,5.68,28.65,28.64,28.65,4.01,,,,,,,,,
002961.OF,7.29,2.23,22.56,22.56,22.56,2.11,,,,,,,,,
002969.OF,10.53,3.84,30.91,30.87,30.87,2.44,,,,,,,,,
002971.OF,22.59,4.69,30.3,30.29,30.29,6.2,,,,,,,,,
002985.OF,16.66,8.84,19.01,19,19.01,10.66,,,,,,,,,
002986.OF,7.03,3.44,26.42,26.41,26.42,3.04,,,,,,,,,
003026.OF,22.99,6.05,29.99,29.98,29.97,7.73,,,,,,,,,
003028.OF,15.16,5.49,28.5,28.51,28.51,4.43,,,,,,,,,
003030.OF,6.4,2.87,32.63,32.62,32.63,1.73,,,,,,,,,
003037.OF,7.88,6,25.41,25.3,25.41,3.13,,,,,,,,,
003044.OF,7.35,1.71,25.42,25.42,25.42,1.89,,,,,,,,,
003062.OF,15.58,4.27,28.12,28.12,28.12,5.6,,,,,,,,,
003105.OF,13.86,5.25,31.4,31.4,31.4,3.66,,,,,,,,,
003107.OF,9.97,4.21,24.4,24.4,24.4,2.9,,,,,,,,,
003109.OF,8.69,2.58,24.67,24.7,24.7,2.47,,,,,,,,,
003115.OF,9.9,4.26,26.55,26.55,26.56,4.54,,,,,,,,,
003117.OF,9.27,2.59,30.08,30.05,30.08,4.17,,,,,,,,,
003123.OF,24.79,9.51,39.78,39.66,39.7,9.59,,,,,,,,,
003133.OF,10.9,5.27,31.93,31.93,31.93,3.71,,,,,,,,,
003135.OF,8.64,2.82,31.7,31.7,31.7,3.08,,,,,,,,,
003142.OF,7.34,3.03,28.07,28.07,28.07,2.48,,,,,,,,,
003154.OF,15.7,5.41,25.69,25.67,25.67,3.98,,,,,,,,,
003161.OF,7.82,1.45,24.99,24.99,24.99,2.64,,,,,,,,,
003167.OF,8.74,4.62,26.92,26.91,26.92,3.1,,,,,,,,,
003176.OF,9.33,2.1,32.22,32.22,32.22,5.63,,,,,,,,,
003182.OF,9.46,5.07,33.01,33.01,33.01,4.75,,,,,,,,,
003186.OF,13.93,3.82,27.29,27.27,27.28,4.18,,,,,,,,,
003187.OF,12.96,4.11,21.44,21.44,21.45,5.09,,,,,,,,,
003218.OF,15.61,3.41,23.28,23.29,23.29,3.05,,,,,,,,,
003221.OF,20.1,9.33,26.2,26.2,26.2,9.24,,,,,,,,,
003234.OF,15.05,4.07,22.67,22.67,22.67,3.52,,,,,,,,,
003275.OF,10.09,1.57,33.98,33.97,33.98,1.54,,,,,,,,,
003282.OF,4.76,1.27,30.93,30.94,30.95,1.19,,,,,,,,,
003295.OF,6.55,2.36,26.15,26.15,26.16,1.77,,,,,,,,,
003301.OF,15.59,4.24,27.83,27.82,27.84,4.19,,,,,,,,,
003331.OF,9.67,6.37,21.24,21.21,21.24,5.46,,,,,,,,,
003336.OF,12.31,3.68,24.19,24.19,24.19,3.75,,,,,,,,,
003341.OF,20.05,8.41,27.97,27.97,27.97,8.26,,,,,,,,,
003343.OF,11.37,3.81,25.66,25.65,25.66,2.7,,,,,,,,,
003345.OF,16.07,6.04,28.05,28.04,28.06,4.68,,,,,,,,,
003360.OF,8.25,3.57,26.99,26.98,27.02,3.07,,,,,,,,,
003379.OF,6.31,2.88,30.53,30.53,30.55,2.32,,,,,,,,,
003432.OF,8.15,2.16,30.07,30.06,30.07,2.22,,,,,,,,,
003476.OF,10.54,3.8,25.25,25.25,25.25,2.55,,,,,,,,,
003484.OF,10.33,4.47,25.53,25.53,25.53,3.43,,,,,,,,,
003493.OF,4.83,2.12,31.66,31.66,31.66,1.77,,,,,,,,,
003495.OF,10.69,5.41,29.35,29.34,29.38,3.76,,,,,,,,,
003502.OF,12.7,4.42,27.69,27.69,27.71,7.53,,,,,,,,,
003504.OF,11.5,6.53,23.5,23.5,23.5,6.22,,,,,,,,,
003591.OF,7.9,3.12,30.18,30.18,30.18,2.85,,,,,,,,,
003603.OF,12.7,4.56,31.08,31.07,31.08,2.46,,,,,,,,,
003612.OF,11.44,6.15,26.05,26.03,26.05,4.77,,,,,,,,,
003626.OF,26.18,7.83,33.32,33.32,33.32,6.84,,,,,,,,,
003628.OF,10.72,4.89,29.93,29.91,29.92,4.04,,,,,,,,,
003637.OF,15.75,7.08,18.75,18.74,18.75,2.86,,,,,,,,,
003663.OF,14.15,4.12,25.4,25.4,25.4,3.93,,,,,,,,,
003680.OF,22.32,2.31,32.65,32.64,32.65,3.23,,,,,,,,,
003692.OF,7.15,2.66,30.46,30.37,30.38,3.61,,,,,,,,,
003704.OF,18.34,6.66,26.76,26.76,26.76,6.81,,,,,,,,,
003734.OF,17.08,6.93,29.14,29.11,29.1,7.15,,,,,,,,,
003754.OF,14.91,2.89,32.37,32.37,32.39,2.61,,,,,,,,,
003780.OF,14.93,8.67,25.44,25.44,25.44,8.28,,,,,,,,,
003799.OF,9.43,4.73,27.15,27.15,27.15,4.85,,,,,,,,,
003805.OF,5.46,3.69,28.16,28.16,28.16,3.7,,,,,,,,,
003813.OF,11.79,4.27,26.49,26.55,26.55,4.47,,,,,,,,,
003828.OF,15.76,5.73,32.82,32.83,32.93,3.08,,,,,,,,,
003839.OF,8.94,5.15,31.44,31.44,31.44,3.12,,,,,,,,,
003842.OF,8.61,2.89,31.89,31.88,31.89,2.98,,,,,,,,,
003848.OF,9.36,2.24,27.21,27.21,27.23,1.81,,,,,,,,,
003850.OF,10.88,4.15,27.53,27.53,27.53,4.23,,,,,,,,,
003854.OF,13.21,4.3,26.73,26.7,26.64,5.91,,,,,,,,,
003861.OF,6.57,2.5,33.54,33.54,33.54,1.85,,,,,,,,,
003877.OF,11.77,7.66,30.88,30.87,30.88,7.22,,,,,,,,,
003882.OF,8.55,4.42,31.02,31.01,31.02,2.91,,,,,,,,,
003900.OF,6.84,4.07,32.19,32.19,32.19,4.74,,,,,,,,,
003950.OF,9.56,4.12,24.49,24.49,24.49,4.84,,,,,,,,,
003966.OF,11.48,4.68,28.87,28.86,28.86,4.81,,,,,,,,,
004005.OF,17.68,10.74,27.8,27.79,27.8,10.02,,,,,,,,,
004010.OF,13.8,3.88,27.91,27.9,27.91,3.31,,,,,,,,,
004024.OF,11.22,3.79,18.44,18.42,18.44,4.19,,,,,,,,,
004025.OF,16.03,5.28,29.21,29.2,29.21,3.66,,,,,,,,,
004081.OF,26.8,8.21,35.87,35.86,35.87,10.26,,,,,,,,,
004083.OF,8.78,4.35,26.66,26.66,26.66,4.31,,,,,,,,,
004093.OF,17.45,3.74,24.78,24.79,24.79,5.69,,,,,,,,,
004100.OF,7.24,4.05,31.35,31.34,31.35,2.99,,,,,,,,,
004129.OF,12.82,3.89,26.21,26.21,26.21,3.29,,,,,,,,,
004131.OF,21.67,7.34,27.1,27.1,27.1,6.19,,,,,,,,,
004149.OF,8.02,2.4,24.79,24.79,24.79,3.22,,,,,,,,,
004153.OF,6.34,3.85,24.08,24.08,24.07,3.24,,,,,,,,,
004157.OF,10.01,1.41,29.62,29.62,29.62,4.15,,,,,,,,,
004175.OF,9.85,4.73,26.62,26.6,26.61,5.47,,,,,,,,,
004202.OF,19.98,2.83,28.98,28.97,28.98,2.36,,,,,,,,,
004206.OF,19.96,7.29,35.18,35.18,35.18,5.98,,,,,,,,,
004218.OF,23.5,4.31,28.93,28.93,28.93,4.8,,,,,,,,,
004225.OF,14.79,2.85,28.03,28.01,28.02,5.18,,,,,,,,,
004258.OF,12.44,2.98,27.75,27.75,27.75,2.23,,,,,,,,,
004265.OF,18.11,6.3,30.85,30.85,30.85,6.34,,,,,,,,,
004270.OF,17.64,8.61,31.18,31.18,31.18,8.96,,,,,,,,,
004274.OF,15.54,6.44,31.3,31.3,31.33,3.99,,,,,,,,,
004276.OF,18.89,7.21,35.12,35.11,35.12,6.32,,,,,,,,,
004278.OF,10.7,1.66,27.92,27.91,27.91,1.95,,,,,,,,,
004279.OF,11.49,3.14,23.91,23.91,23.91,3.84,,,,,,,,,
004301.OF,9.4,3.99,26.92,26.92,26.92,2.78,,,,,,,,,
004318.OF,18.29,6,28.9,28.89,28.9,3.36,,,,,,,,,
004340.OF,7.45,1.43,23.02,23.01,23.02,1.64,,,,,,,,,
004353.OF,15.73,6.31,26.96,26.81,26.96,7.37,,,,,,,,,
004361.OF,15.99,5.43,24.47,24.46,24.47,5.88,,,,,,,,,
004405.OF,17.39,3.87,25.5,25.5,25.53,3.23,,,,,,,,,
004413.OF,25.96,3.24,33.81,33.8,33.8,3.61,,,,,,,,,
004427.OF,20.43,9.04,27.75,27.75,27.8,6.96,,,,,,,,,
004436.OF,10.22,5.89,25.77,25.76,25.76,6.55,,,,,,,,,
004442.OF,8.92,3.38,25.77,25.76,25.77,4.2,,,,,,,,,
004446.OF,18.08,5.14,30.9,30.85,30.87,3.02,,,,,,,,,
004457.OF,20.24,5.93,32.21,32.19,32.21,5.89,,,,,,,,,
004486.OF,7.95,4.01,28.98,28.99,28.97,4.19,,,,,,,,,
004503.OF,6.78,3.77,22.52,22.52,22.52,3.12,,,,,,,,,
004517.OF,8.08,2.36,29.79,29.78,29.79,1.62,,,,,,,,,
004571.OF,9.98,2.72,27.64,27.64,27.69,5.43,,,,,,,,,
004585.OF,4.94,1.67,22.81,22.81,22.81,2.65,,,,,,,,,
004607.OF,23.63,9.89,29.63,29.61,29.62,7.76,,,,,,,,,
004608.OF,11.72,5.43,27.92,27.92,27.92,3.7,,,,,,,,,
004612.OF,10.33,3.78,26.96,26.97,26.97,3.51,,,,,,,,,
004617.OF,17.2,4.96,32.13,32.13,32.12,5.88,,,,,,,,,
004647.OF,21.36,12.78,26.1,26.08,26.09,14.29,,,,,,,,,
004648.OF,9.24,2.17,25.45,25.41,25.41,2.21,,,,,,,,,
004680.OF,13.76,5.89,26.86,26.86,26.86,4.23,,,,,,,,,
004687.OF,13.67,6.7,27.38,27.38,27.38,6.79,,,,,,,,,
004707.OF,16.86,5.26,34.12,34.12,34.13,5.15,,,,,,,,,
004710.OF,8.09,2.39,26.96,26.97,26.98,3.26,,,,,,,,,
004720.OF,16.29,2.47,28.16,28.66,28.67,4.71,,,,,,,,,
004731.OF,12.05,3.58,26.79,26.79,26.79,4.94,,,,,,,,,
004734.OF,12.15,5.13,29.82,29.82,29.82,5.67,,,,,,,,,
004738.OF,13.1,5.57,26.96,26.96,26.96,4.84,,,,,,,,,
004750.OF,17.12,6.54,30.37,30.37,30.37,5.18,,,,,,,,,
004756.OF,13.98,4.91,25.29,25.28,25.29,4.36,,,,,,,,,
004760.OF,16.21,5.82,23.52,23.52,23.52,7,,,,,,,,,
004772.OF,17.59,5.21,31.27,31.26,31.27,4.46,,,,,,,,,
004774.OF,12.76,7.91,32.61,32.59,32.61,6.6,,,,,,,,,
004801.OF,13.31,3.8,28.9,28.9,28.9,5.24,,,,,,,,,
004807.OF,3.63,1.73,39.06,39.03,39.06,2.07,,,,,,,,,
004823.OF,12.17,4.86,28.1,28.1,28.1,3.72,,,,,,,,,
004852.OF,24.41,4.81,37.71,37.7,37.71,4.56,,,,,,,,,
004885.OF,14.72,4.78,23.4,23.39,23.42,5.21,,,,,,,,,
004902.OF,13.05,4.59,23.91,23.91,23.92,5.28,,,,,,,,,
004913.OF,18.91,5.08,31.47,31.47,31.47,5.68,,,,,,,,,
004916.OF,14.37,8.08,26.42,26.4,26.42,6.78,,,,,,,,,
004946.OF,13.13,3.38,28.82,28.81,28.81,4.28,,,,,,,,,
004952.OF,6.41,2.53,24.33,24.33,24.33,3.94,,,,,,,,,
004975.OF,4.86,1.64,26.08,26.08,26.1,2.81,,,,,,,,,
004982.OF,19.72,8.19,31.82,31.82,31.82,6.68,,,,,,,,,
004988.OF,17.26,3.37,30.92,30.92,30.92,4.6,,,,,,,,,
005014.OF,9.49,4.96,27.69,27.69,27.69,2.04,,,,,,,,,
005039.OF,8.54,3.82,23.91,23.9,23.91,4.39,,,,,,,,,
005059.OF,11.84,4.05,25.37,25.37,25.37,2.93,,,,,,,,,
005078.OF,13.26,4.38,28.52,28.52,28.52,4.94,,,,,,,,,
005121.OF,18.49,7.39,28.48,28.48,28.48,7.72,,,,,,,,,
005128.OF,17.89,4.38,29.16,29.16,29.16,5.97,,,,,,,,,
005140.OF,20.03,5.5,29.32,29.31,29.32,6.72,,,,,,,,,
005144.OF,24.07,4.41,34.14,34.13,34.14,3.94,,,,,,,,,
005159.OF,10.06,3.91,20.69,20.63,20.68,2.8,,,,,,,,,
005166.OF,20.84,6.29,25.38,25.37,25.38,8.41,,,,,,,,,
005167.OF,16.23,3.66,26.53,26.53,26.53,3,,,,,,,,,
005177.OF,13.86,4.13,25.93,25.92,25.93,4.99,,,,,,,,,
005212.OF,8.35,3.58,25.76,25.76,25.76,3.75,,,,,,,,,
005252.OF,16.07,8.39,17.62,17.58,17.63,6.36,,,,,,,,,
005271.OF,17.09,5.96,26.48,26.48,26.48,9.4,,,,,,,,,
005274.OF,19.34,7.04,34.21,34.2,34.21,6.26,,,,,,,,,
005291.OF,21.46,4.53,23.32,23.5,23.5,8.79,,,,,,,,,
005305.OF,12.18,3.37,23.59,23.59,23.59,4.37,,,,,,,,,
005317.OF,19.32,5.08,28.92,28.92,28.92,7.79,,,,,,,,,
005329.OF,12.98,1.83,27.39,27.39,27.4,6.11,,,,,,,,,
005397.OF,20.02,6.2,30.28,30.28,30.28,6.03,,,,,,,,,
005416.OF,11.09,2.03,29.01,29,29,2.5,,,,,,,,,
005522.OF,13.88,7.53,22.68,22.56,22.61,6.9,,,,,,,,,
005523.OF,7.29,1.71,24.66,24.66,24.66,1.7,,,,,,,,,
005552.OF,17.88,6.13,29.31,29.31,29.31,4.69,,,,,,,,,
005579.OF,12.75,3.23,21.73,21.73,21.74,3.74,,,,,,,,,
005652.OF,10.1,2.5,27.42,27.42,27.42,3.05,,,,,,,,,
005656.OF,8.03,3.06,25.52,25.54,25.56,3.55,,,,,,,,,
005664.OF,9.45,4.28,25.29,25.29,25.29,3.93,,,,,,,,,
005678.OF,11.01,4.31,24.98,24.99,25.01,2.8,,,,,,,,,
005679.OF,19.19,7.68,26.31,26.31,26.31,8.11,,,,,,,,,
005686.OF,11.58,6.28,25.22,25.24,25.25,3.93,,,,,,,,,
005706.OF,7.34,3.52,27.22,27.21,27.22,3.56,,,,,,,,,
005746.OF,13.31,6.9,32.81,32.8,32.8,7.91,,,,,,,,,
005750.OF,16.87,5.9,31.92,31.94,31.96,2.77,,,,,,,,,
005823.OF,7.97,2.52,30.65,30.64,30.65,2.32,,,,,,,,,
005843.OF,10.76,2.88,19.6,19.59,19.6,3.68,,,,,,,,,
005886.OF,13.05,5.47,28.47,28.47,28.47,5.67,,,,,,,,,
005906.OF,15.66,4.83,25.11,25.1,25.11,3.99,,,,,,,,,
005943.OF,16.75,4.8,30.29,30.28,30.29,4.77,,,,,,,,,
006004.OF,10.32,2.85,21.79,21.72,21.74,1.77,,,,,,,,,
006059.OF,4.56,1.71,21.77,21.77,21.78,2.64,,,,,,,,,
006061.OF,14.2,4.05,27.11,27.1,27.1,6.86,,,,,,,,,
006114.OF,11.77,5.55,24.52,24.51,24.52,4.75,,,,,,,,,
006140.OF,14.5,3.99,28.19,28.18,28.19,4.21,,,,,,,,,
006174.OF,8.4,2.99,18.74,18.72,18.74,3.72,,,,,,,,,
006188.OF,18.49,3.79,27.12,27.05,27.1,4.53,,,,,,,,,
006207.OF,13.15,3.34,26.29,26.29,26.29,4.83,,,,,,,,,
006353.OF,8.1,3.93,22.48,22.47,22.5,3.78,,,,,,,,,
006398.OF,12.96,5.6,25.63,25.63,25.63,6.32,,,,,,,,,
006459.OF,13.12,4.16,27.44,27.43,27.45,3.1,,,,,,,,,
006466.OF,9.23,3.61,22.8,22.79,22.8,4.63,,,,,,,,,
006500.OF,26.83,4.81,33.07,33.06,33.07,5.1,,,,,,,,,
006535.OF,26.51,9.45,27.68,27.68,27.68,9.09,,,,,,,,,
006638.OF,28.7,10.83,36.8,36.71,36.76,8.45,,,,,,,,,
006654.OF,14.19,6.69,24.6,24.6,24.6,6.84,,,,,,,,,
006738.OF,15.6,5.81,26.11,26.09,26.1,7.86,,,,,,,,,
006832.OF,7,2.15,25.83,25.83,25.83,3.93,,,,,,,,,
006839.OF,14.66,5.71,29.06,29.06,29.06,4.11,,,,,,,,,
006854.OF,15.31,3.12,21.07,21.07,21.09,4.54,,,,,,,,,
006896.OF,19.2,7.69,21.27,21.11,21.14,4.69,,,,,,,,,
006952.OF,9.45,3.06,28.47,28.48,28.52,3.14,,,,,,,,,
006973.OF,8.79,2.8,24.51,24.5,24.51,2.8,,,,,,,,,
006974.OF,13.52,3.97,31.7,31.65,31.7,3.14,,,,,,,,,
007128.OF,11.28,5.07,27.26,27.25,27.26,4.12,,,,,,,,,
007266.OF,18.08,9.66,29.62,29.62,29.62,11.77,,,,,,,,,
007282.OF,17.53,5.23,21.46,21.46,21.47,5.27,,,,,,,,,
007318.OF,8.44,3.3,31.43,31.42,31.43,3.58,,,,,,,,,
007385.OF,10.37,4.54,25.22,25.21,25.22,4.59,,,,,,,,,
007415.OF,8.76,2.28,29.95,29.95,29.95,3.16,,,,,,,,,
007712.OF,9.26,3.84,21.58,21.57,21.58,3.87,,,,,,,,,
007725.OF,12.4,3.58,26.18,26.18,26.19,4.49,,,,,,,,,
007752.OF,11.34,4.48,26.46,26.45,26.46,4.75,,,,,,,,,
007767.OF,18.08,4.1,31.26,31.21,31.24,3.72,,,,,,,,,
007781.OF,16.69,5.5,27.7,27.7,27.7,9.27,,,,,,,,,
007879.OF,11.92,4.01,25.34,25.33,25.34,3.99,,,,,,,,,
007884.OF,7.91,4.07,25.67,25.67,25.67,3.02,,,,,,,,,
020002.OF,16.01,2.5,24.35,24.35,24.35,4.28,,,,,,,,,
020033.OF,6.86,3,31.19,31.2,31.19,1.86,,,,,,,,,
040009.OF,13.2,2.97,18.18,18.15,18.16,4.78,,,,,,,,,
040012.OF,16.76,6.88,29.09,29.1,29.11,7.89,,,,,,,,,
040019.OF,5.27,2.27,25.32,25.33,25.37,2.79,,,,,,,,,
040036.OF,9.1,2.36,35.95,35.95,35.95,1.54,,,,,,,,,
050006.OF,12.71,3.37,21.42,21.38,21.42,5.24,,,,,,,,,
050016.OF,10.11,3.6,24.43,24.42,24.43,3.91,,,,,,,,,
050023.OF,16.87,5.98,27.2,27.2,27.2,4.98,,,,,,,,,
070015.OF,13.75,3.08,21.47,21.47,21.47,4.57,,,,,,,,,
070020.OF,7.11,2.62,26.67,26.66,26.67,2.82,,,,,,,,,
080003.OF,10.45,2.89,29.87,29.87,29.87,3.09,,,,,,,,,
090002.OF,6.02,2.55,26.7,26.7,26.7,2.1,,,,,,,,,
090006.OF,7.52,1.54,25.57,25.56,25.57,2.69,,,,,,,,,
100018.OF,11.2,2.25,26.22,26.2,26.25,2.16,,,,,,,,,
100035.OF,8.81,2.71,28.91,28.91,28.91,2.49,,,,,,,,,
110007.OF,10.97,4.08,26.99,26.99,26.99,4.19,,,,,,,,,
110017.OF,10.04,2.67,28.25,28.24,28.25,3.53,,,,,,,,,
110027.OF,7.59,2.61,27.48,27.48,27.48,3.39,,,,,,,,,
110035.OF,14.2,3.25,20.45,20.45,20.45,5.14,,,,,,,,,
121009.OF,9.34,3.21,30.19,30.22,30.23,3.58,,,,,,,,,
121012.OF,5.85,1.78,24.69,24.68,24.68,2.97,,,,,,,,,
151002.OF,10.35,3.23,25.99,25.99,25.99,3.19,,,,,,,,,
160220.OF,7.74,2.02,32.39,32.39,32.39,2.71,,,,,,,,,
160323.OF,13.24,5.32,25.21,25.21,25.22,3.29,,,,,,,,,
160513.OF,10.88,5.08,24.16,24.15,24.16,4.04,,,,,,,,,
160524.OF,25.82,8.55,29.98,29.99,29.99,12.88,,,,,,,,,
160612.OF,5.92,3.64,28.92,28.92,28.92,4.28,,,,,,,,,
160622.OF,4.47,2.4,22.28,22.28,22.27,2.88,,,,,,,,,
161010.OF,12.05,3.38,21.51,21.5,21.5,4.3,,,,,,,,,
161015.OF,5.33,1.96,13.73,13.68,13.76,2,,,,,,,,,
161019.OF,7.79,3.04,19,19.01,19,2.67,,,,,,,,,
161115.OF,13.18,5.34,27.39,27.37,27.39,4.86,,,,,,,,,
161216.OF,7.05,2.43,28.19,28.21,28.21,3.35,,,,,,,,,
161505.OF,10.68,4.97,28.03,28.03,28.03,4.6,,,,,,,,,
161603.OF,15.89,4.27,26.56,26.5,26.52,4.97,,,,,,,,,
161618.OF,21.7,8.13,23.79,23.73,23.76,5.59,,,,,,,,,
161626.OF,8.12,4.21,25.87,25.86,25.88,5.55,,,,,,,,,
161722.OF,12.75,2.17,25.5,26.46,26.46,4.02,,,,,,,,,
162205.OF,9.52,2.99,30.08,30.07,30.08,3.51,,,,,,,,,
162210.OF,20.05,6.79,30.17,30.17,30.17,7.69,,,,,,,,,
162215.OF,17.85,5.79,25.94,25.94,25.94,8.66,,,,,,,,,
162414.OF,13.47,4.16,28.34,28.33,28.34,4.59,,,,,,,,,
162712.OF,6.75,2.19,30.29,30.28,30.29,3.04,,,,,,,,,
163003.OF,15.75,2.15,20.14,20.12,20.14,5.22,,,,,,,,,
163806.OF,6.55,1.6,24.35,24.33,24.35,3.67,,,,,,,,,
163811.OF,8.15,2.09,23.56,23.56,23.56,3.92,,,,,,,,,
163819.OF,12.67,2.3,24.48,24.47,24.48,3.86,,,,,,,,,
163825.OF,9.74,2.23,19.5,19.5,19.5,3.52,,,,,,,,,
164105.OF,6.06,3.41,25.38,25.38,25.38,3.52,,,,,,,,,
164208.OF,8.27,3.01,24.78,24.75,24.78,2.65,,,,,,,,,
164606.OF,14.64,6.62,21.49,21.43,21.47,8.34,,,,,,,,,
164808.OF,6.21,2.2,23.73,23.72,23.74,1.72,,,,,,,,,
165311.OF,8.57,3.09,17.16,17.14,17.16,5.33,,,,,,,,,
165526.OF,6.98,3.82,27.76,27.7,27.73,3.82,,,,,,,,,
166010.OF,13.98,5.38,27.13,27.13,27.13,3.75,,,,,,,,,
166105.OF,16.58,3.51,30.98,30.97,30.98,5.14,,,,,,,,,
167003.OF,20.41,8.05,27.85,27.84,27.85,7.41,,,,,,,,,
169106.OF,10.63,2.97,26.2,26.18,26.19,3.19,,,,,,,,,
180015.OF,6.44,3.16,30.35,30.35,30.35,2.66,,,,,,,,,
180025.OF,5.04,2.7,28.44,28.43,28.44,4.62,,,,,,,,,
202101.OF,7.23,1.57,22.5,22.5,22.5,1.12,,,,,,,,,
202102.OF,11.36,2.44,23.82,23.82,23.82,3.56,,,,,,,,,
202105.OF,3.69,1.85,27.11,27.11,27.11,0.94,,,,,,,,,
206003.OF,6.16,3.33,28.91,28.9,28.91,3.67,,,,,,,,,
206008.OF,7.08,3.43,26.77,26.77,26.77,3.72,,,,,,,,,
206018.OF,4.63,1.73,20.22,20.2,20.21,2,,,,,,,,,
210006.OF,22.11,5.8,27.21,27.2,27.21,5.47,,,,,,,,,
210007.OF,14.12,3.09,32.85,32.87,32.92,1.95,,,,,,,,,
210010.OF,17.06,4.07,29.1,29.1,29.1,3.3,,,,,,,,,
213007.OF,26.84,7.43,37.54,37.54,37.54,9.96,,,,,,,,,
217008.OF,8.16,2.05,26.19,26.19,26.19,4.53,,,,,,,,,
217023.OF,9.43,3.78,28.32,28.31,28.32,2.49,,,,,,,,,
217024.OF,11.38,2.31,26.9,26.9,26.9,3.27,,,,,,,,,
233005.OF,4.25,2.35,17.67,17.7,17.67,2.26,,,,,,,,,
233012.OF,7.11,2.76,21.44,21.45,21.47,3.95,,,,,,,,,
240003.OF,5.39,2.63,22.6,22.54,22.59,2.82,,,,,,,,,
240012.OF,12.63,4.72,18.78,18.78,18.78,5.95,,,,,,,,,
253010.OF,22.88,4.24,26.83,26.83,26.83,3.37,,,,,,,,,
253060.OF,10.07,3.13,28.16,28.16,28.16,6.27,,,,,,,,,
270029.OF,4.77,1.9,26.54,26.52,26.53,2.16,,,,,,,,,
310508.OF,9.96,3.91,27.83,27.82,27.83,4.3,,,,,,,,,
320021.OF,16.33,6.26,29.69,29.69,29.69,5.08,,,,,,,,,
340009.OF,5.45,2.91,23.49,23.48,23.49,2.5,,,,,,,,,
350006.OF,23.83,7.35,28.44,28.41,28.41,9.84,,,,,,,,,
360008.OF,10.43,3.48,23.39,23.39,23.39,5.76,,,,,,,,,
371020.OF,12.8,4.52,28.3,28.3,28.3,5.14,,,,,,,,,
372010.OF,18.18,5.99,26.33,26.31,26.32,6.48,,,,,,,,,
380009.OF,8.25,2.36,12.44,12.44,12.44,3.79,,,,,,,,,
395001.OF,14.97,5.4,24.91,24.9,24.91,2.64,,,,,,,,,
395011.OF,17.43,4.18,26.77,26.76,26.77,3.97,,,,,,,,,
400016.OF,9.28,3.64,22.69,22.7,22.7,2.59,,,,,,,,,
400027.OF,8.59,3.33,25.34,25.34,25.34,1.35,,,,,,,,,
410004.OF,5.52,2.49,27.02,27.02,27.02,2.11,,,,,,,,,
420002.OF,9.18,4.24,27.49,27.49,27.49,3.76,,,,,,,,,
420008.OF,19.78,8.25,21.26,21.26,21.27,4.24,,,,,,,,,
420009.OF,6.59,3.37,24.96,24.96,24.96,3.02,,,,,,,,,
450005.OF,9.18,2.45,25.92,25.92,25.92,2.53,,,,,,,,,
450018.OF,12.02,4.32,20.74,20.7,20.77,3.39,,,,,,,,,
470010.OF,13.96,5.31,33.42,33.47,33.53,3.91,,,,,,,,,
470018.OF,7.11,2.43,28.24,28.24,28.24,2.93,,,,,,,,,
470088.OF,7.38,2.42,34.25,34.25,34.25,2.27,,,,,,,,,
485105.OF,8.06,1.82,28.49,28.48,28.49,2.34,,,,,,,,,
485107.OF,10.49,4.75,27.1,27.09,27.1,3.05,,,,,,,,,
485111.OF,14.36,4.49,29.41,29.37,29.41,4.37,,,,,,,,,
501000.OF,17.12,5.26,26.24,26.24,26.24,5.09,,,,,,,,,
501017.OF,9.04,2.84,31.96,31.95,31.96,2.35,,,,,,,,,
501027.OF,9.26,5.2,35.63,35.6,35.65,4.63,,,,,,,,,
501039.OF,15.51,7.7,29.38,29.38,29.39,6.9,,,,,,,,,
501041.OF,26.5,10.4,33.21,33.17,33.21,6.57,,,,,,,,,
501053.OF,14.18,4.54,22.22,22,22.21,3.98,,,,,,,,,
519007.OF,8.1,4.71,30.28,30.26,30.25,5.17,,,,,,,,,
519023.OF,21.11,3.66,22.04,22.07,22.06,10.4,,,,,,,,,
519030.OF,8.93,2.34,24.05,24.07,24.08,2.93,,,,,,,,,
519050.OF,9.11,3.48,25.92,25.92,25.92,1.94,,,,,,,,,
519061.OF,27.13,8.78,28.57,28.54,28.55,5.88,,,,,,,,,
519127.OF,9.59,3.41,32.16,32.16,32.16,5.07,,,,,,,,,
519134.OF,7.78,4.4,25.03,25.03,25.04,3.86,,,,,,,,,
519160.OF,8.08,3.81,22.55,22.49,22.57,4.37,,,,,,,,,
519162.OF,20.46,8.38,26.38,26.38,26.39,6.84,,,,,,,,,
519175.OF,8.01,3.78,27.18,27.18,27.18,4.76,,,,,,,,,
519186.OF,12.12,3.86,40.42,40.41,40.41,4.48,,,,,,,,,
519197.OF,15.12,5.14,28.21,28.24,28.25,3.44,,,,,,,,,
519222.OF,11.19,2.72,27.74,27.74,27.75,2.36,,,,,,,,,
519229.OF,6.42,1.77,30.3,30.29,30.3,1.55,,,,,,,,,
519616.OF,11.88,4.38,27.75,27.75,27.76,3.27,,,,,,,,,
519625.OF,12.23,5.27,25.83,25.83,25.83,2.94,,,,,,,,,
519627.OF,11.63,3.11,28.08,28.07,28.08,4.78,,,,,,,,,
519652.OF,20.13,4.49,26.31,26.31,26.32,7.14,,,,,,,,,
519660.OF,23.54,7.83,30.08,30.07,30.07,7.3,,,,,,,,,
519666.OF,22.04,9.26,33.27,33.26,33.27,4.68,,,,,,,,,
519676.OF,13.46,3.68,31.31,31.31,31.32,3.03,,,,,,,,,
519680.OF,3.47,1.43,22.87,22.86,22.87,1.51,,,,,,,,,
519683.OF,23.3,5.52,36.21,36.21,36.22,6.83,,,,,,,,,
519726.OF,10.4,5.81,35.5,35.49,35.49,5.87,,,,,,,,,
519730.OF,9.02,4.4,32.31,32.31,32.31,5.48,,,,,,,,,
519733.OF,12.03,5.19,31.88,31.86,31.87,7.16,,,,,,,,,
519738.OF,5.25,2.54,30.34,30.34,30.35,3.07,,,,,,,,,
519752.OF,5.47,2.03,30.58,30.58,30.59,2.63,,,,,,,,,
519753.OF,10.1,5.53,33.36,33.34,33.34,2.89,,,,加权方式,半衰期加权,平方根加权,,,
519755.OF,5.94,2.1,30.64,30.63,30.62,3.74,,,,WLSMAXMIN_CONS_WREG,12.18,12.08,,,
519766.OF,6.29,2.54,29.18,29.18,29.19,4.85,,,,WLSUPDOWN_CONS_WREG,4.18,4.18,,,
519768.OF,5.43,2.54,33.82,33.82,33.82,2.24,,,,WLSLINEAR_WREG,27.37,27.57,,,
519770.OF,5.88,2.13,33.16,33.15,33.16,2.31,,,,WLSREDGE_REG,27.36,27.56,,,
519933.OF,10.7,4.89,26.09,26.09,26.09,5.02,,,,WLSLASSO_REG,27.37,27.57,,,
519963.OF,12.06,4.39,25.81,25.81,25.81,5.79,,,,updown_cons_dreg,4.26,4.26,,,
519989.OF,7.37,3.78,25.43,25.43,25.43,3.1,,,,,,,,,
530008.OF,7.86,1.94,24.38,24.36,24.38,2.31,,,,,,,,,
530009.OF,16.87,5.54,27.57,27.56,27.57,4.76,,,,,,,,,
540001.OF,8.24,3.05,28.77,28.76,28.77,2.24,,,,,,,,,
550004.OF,4.38,1.73,27.27,27.28,27.28,1.49,,,,,,,,,
573003.OF,11.73,4.14,25.9,25.9,25.91,2.85,,,,,,,,,
610008.OF,19.79,9.15,31.6,31.59,31.6,3.37,,,,,,,,,
620003.OF,9.31,1.75,32.58,32.57,32.58,2.63,,,,,,,,,
630003.OF,8.54,2.08,23.13,23.12,23.13,2.83,,,,,,,,,
630007.OF,12.43,5.18,23.06,23.05,23.06,5.65,,,,,,,,,
630009.OF,9.07,2.97,25.09,25.11,25.18,4.86,,,,,,,,,
660009.OF,8.51,2.96,27.44,27.43,27.44,2.13,,,加权方式,WLSMAXMIN_CONS_WREG,WLSUPDOWN_CONS_WREG,WLSLINEAR_WREG,WLSREDGE_REG,WLSLASSO_REG,updown_cons_dreg
675081.OF,9.52,3.31,34.55,34.55,34.56,3.02,,,半衰期加权,12.18,4.18,27.37,27.36,27.37,4.26
690002.OF,7.31,3.4,27.87,27.86,27.87,3.74,,,平方根加权,12.08,4.18,27.57,27.56,27.57,4.26
720003.OF,16.26,6.67,27.51,27.51,27.51,8.24,,,,,,,,,
750002.OF,26.01,6.12,34.67,34.61,34.67,8.32,,,,,,,,,
952024.OF,10.53,4.17,22.27,22.26,22.26,3.55,,,,,,,,,
mean,12.08 ,4.18 ,27.57 ,27.56 ,27.57 ,4.26 ,,,,,,,,,
