code,std1,std3,std4,std8,,,,,
000045.OF,5.70048929,5.255965912,5.698670686,5.426273413,,,,,
000047.OF,6.934939938,6.547599385,6.933236969,6.788403045,,,,,
000054.OF,9.152828852,9.489403346,9.155572034,8.957134461,,,,,
000065.OF,7.16421628,6.999613427,7.168926515,6.912993693,,,,,
000072.OF,11.74951456,11.92018926,11.74423969,11.90715074,,,,,
000107.OF,3.750430645,3.402325284,3.748608482,3.58596905,,,,,
000110.OF,11.01558861,8.30237163,11.02379203,7.676377667,,,,,
000118.OF,7.168055043,5.946574731,7.168985943,6.296722215,,,,,
000121.OF,7.298554766,7.062194485,7.306983261,7.049559491,,,,,
000130.OF,11.33142038,12.20259638,11.3359271,11.44829768,,,,,
000142.OF,10.90374004,10.05983836,10.88408068,10.49835538,,,,,
000143.OF,3.343783531,2.911677315,3.353122144,3.372308038,,,,,
000149.OF,3.986306642,4.070320938,3.988641404,4.05267922,,,,,
000171.OF,5.234967907,5.171188207,5.363876305,5.505283486,,,,,
000181.OF,13.91565392,13.28758812,13.90725684,13.93895868,,,,,
000189.OF,7.5789493,7.283075174,7.580403628,7.345070751,,,,,
000190.OF,3.89369047,3.525685119,3.892755014,3.420160325,,,,,
000195.OF,6.231815769,6.387298047,6.232143024,6.613217496,,,,,
000207.OF,21.43249236,20.19443164,21.43335284,21.01006875,,,,,
000215.OF,1.865222128,2.031555719,1.864341832,1.956866439,,,,,
000227.OF,8.072100828,7.604973973,8.074437894,8.152902027,,,,,
000236.OF,6.662758981,6.007605541,6.658540069,6.34850677,,,,,
000239.OF,8.243016023,7.088887848,8.242101133,7.590873479,,,,,
000244.OF,11.0167615,11.1665893,11.05133892,11.12520313,,,,,
000254.OF,19.02197154,14.18127413,19.04856639,16.45024462,,,,,
000310.OF,14.96714565,14.40410605,14.97038182,14.64595923,,,,,
000314.OF,6.114917122,6.61612685,6.110879715,6.561083138,,,,,
000338.OF,2.534931346,2.629106143,2.753508167,2.871672644,,,,,
000367.OF,8.328715688,6.886798703,8.332877252,7.469668912,,,,,
000377.OF,6.177539518,6.556108427,6.173729159,6.305140027,,,,,
000385.OF,5.209747008,4.91719569,5.203979752,4.553074624,,,,,
000406.OF,7.110716559,7.00181827,7.104865077,7.31040347,,,,,
000436.OF,4.525496207,4.463086489,4.524769408,4.49503781,,,,,
000463.OF,5.485770596,5.628901211,5.490691273,5.805028137,,,,,
000507.OF,6.164003011,5.622538315,6.161241458,5.802458026,,,,,
000511.OF,5.579705388,5.931451684,5.595162619,5.464371604,,,,,
000526.OF,4.244246219,4.20174048,4.264051634,4.178894934,,,,,
000546.OF,6.039150164,5.052174785,6.039118238,5.870427089,,,,,
000572.OF,5.118210606,4.577805574,5.110487165,4.711826414,,,,,
000583.OF,10.93003188,9.897303722,10.92904934,10.34295176,,,,,
000590.OF,9.86243782,9.79436844,9.852830338,9.41658196,,,,,
000597.OF,6.589779109,6.721625392,6.598036772,7.127916827,,,,,
000639.OF,14.0127532,13.25962429,14.00402815,13.7320767,,,,,
000664.OF,13.34175403,13.27360119,13.33716131,13.56423179,,,,,
000744.OF,24.19596458,22.6723779,24.19387361,22.77381778,,,,,
000804.OF,8.627559485,7.703288935,8.610302875,9.186715708,,,,,
000875.OF,7.952836618,7.950739869,7.954560973,7.691098099,,,,,
000894.OF,5.283433171,4.980608757,5.290287011,5.224065251,,,,,
000896.OF,12.93965282,13.30464864,12.93442583,13.08014541,,,,,
000932.OF,11.90714404,11.97862817,11.89989939,12.04033227,,,,,
000953.OF,5.581130681,5.942113285,5.591758408,5.34985289,,,,,
000973.OF,5.526837299,5.567868717,5.528806937,5.630349688,,,,,
001001.OF,8.387956963,8.237715053,8.388750617,8.167903064,,,,,
001011.OF,5.637279152,5.539393109,5.632757507,5.617353196,,,,,
001019.OF,7.358962705,6.861882939,7.35870136,7.488342195,,,,,
001035.OF,2.955911622,3.321302251,2.956557819,3.230514251,,,,,
001067.OF,4.405152831,4.502125464,4.407651783,4.514100262,,,,,
001110.OF,10.17009611,9.741804972,10.16344062,10.09764356,,,,,
001115.OF,8.306802106,8.131605208,8.308652771,7.931313425,,,,,
001122.OF,3.892161291,3.687079365,3.888261807,3.663519015,,,,,
001136.OF,5.312697926,5.106550261,5.310636606,5.241314001,,,,,
001139.OF,14.33042639,14.18047312,14.3194659,14.26185858,,,,,
001146.OF,11.76992607,11.81023972,11.76576058,11.6265057,,,,,
001157.OF,6.833818711,6.917704969,6.831699926,6.903168188,,,,,
001164.OF,6.841115606,6.616744048,6.84120689,6.827363149,,,,,
001172.OF,6.594530321,6.170617376,6.584227811,6.291836806,,,,,
001182.OF,6.913563905,7.838352129,6.916294188,7.930803351,,,,,
001183.OF,2.680748743,3.495475904,2.693805734,3.3551104,,,,,
001189.OF,4.057350188,3.28913385,4.062556294,3.45557148,,,,,
001190.OF,8.588677357,6.762079319,8.582936306,7.746880352,,,,,
001194.OF,3.376465831,3.60714873,3.371230682,3.508077104,,,,,
001196.OF,12.96698313,11.94902298,12.97138909,12.67877819,,,,,
001199.OF,12.19843077,13.24184163,12.21321041,12.85488813,,,,,
001201.OF,6.047997985,5.673314665,6.045911964,5.754190322,,,,,
001202.OF,3.784671204,3.472953227,3.782956574,3.6340018,,,,,
001203.OF,4.751223772,4.16818183,4.751673285,4.398717429,,,,,
001228.OF,12.38457574,12.46229339,12.38804759,12.63130483,,,,,
001235.OF,5.037874361,4.659377278,5.040429434,5.049404621,,,,,
001249.OF,4.347212651,4.447776885,4.350421341,4.380580286,,,,,
001257.OF,7.046560588,7.124699145,7.048554718,7.046957001,,,,,
001265.OF,9.085250884,7.9504562,9.091444312,8.240663977,,,,,
001282.OF,11.18641655,11.46863136,11.19310011,11.15860035,,,,,
001285.OF,3.370142312,3.543365798,3.374226656,3.475223703,,,,,
001289.OF,6.817963877,6.863188162,6.81795549,6.782294969,,,,,
001309.OF,5.387063546,5.335695746,5.386123809,5.627320603,,,,,
001311.OF,15.91102312,15.06432358,15.90798148,15.9693618,,,,,
001312.OF,5.493322312,5.313874569,5.500847663,5.129296256,,,,,
001314.OF,5.034140178,4.523201457,5.048737836,4.513733428,,,,,
001316.OF,8.630945118,8.195969943,8.626848419,8.585480797,,,,,
001324.OF,7.670573567,7.28194506,7.669423601,7.645701478,,,,,
001329.OF,5.130907201,5.043110083,5.126272143,4.752668412,,,,,
001331.OF,6.682519865,7.185136495,6.679856554,6.718489613,,,,,
001334.OF,3.879672871,3.636865998,3.878655084,3.537716807,,,,,
001335.OF,7.671518283,7.506781581,7.663348446,7.743599041,,,,,
001336.OF,6.85333036,6.758768964,6.858593339,6.426399078,,,,,
001342.OF,4.404817003,4.740998087,4.407320484,4.475412751,,,,,
001355.OF,19.20453162,19.29911179,19.20244269,19.27586258,,,,,
001358.OF,13.04204219,12.7229768,13.03465649,13.37677427,,,,,
001362.OF,5.482086035,5.923521494,5.480259456,5.708323579,,,,,
001367.OF,11.44585839,11.15223125,11.44340641,11.83608362,,,,,
001370.OF,6.433712685,6.984121445,6.444062989,6.870331109,,,,,
001399.OF,9.742221264,10.01103827,9.73915082,10.12231479,,,,,
001402.OF,4.573380657,4.149567006,4.580505014,4.07405472,,,,,
001405.OF,7.61482315,7.487133116,7.621024126,7.339520005,,,,,
001415.OF,8.476163503,7.640066106,8.477218739,7.746775026,,,,,
001418.OF,12.57497299,12.36988939,12.56621432,12.45865962,,,,,
001422.OF,3.492966689,3.875293931,3.491668702,3.498979393,,,,,
001427.OF,4.597571362,4.841067969,4.593587167,4.906192392,,,,,
001433.OF,4.451067955,4.550517081,4.454598148,4.510363764,,,,,
001441.OF,9.050708737,9.676904375,9.063900862,11.34719879,,,,,
001443.OF,4.994383337,3.917594726,5.005926695,4.076922054,,,,,
001447.OF,11.72822751,12.0668003,11.72399694,12.08644499,,,,,
001453.OF,7.079834223,6.929728613,7.076377859,7.133932358,,,,,
001464.OF,4.574079682,4.52558325,4.57525779,4.243567047,,,,,
001470.OF,9.625807105,8.861415636,9.622714236,9.472850929,,,,,
001485.OF,9.177956202,8.495848077,9.168327552,9.079811823,,,,,
001488.OF,8.81686361,8.467372331,8.820249151,8.521119676,,,,,
001499.OF,7.047623325,7.352043932,7.047228028,7.06151506,,,,,
001506.OF,11.81121855,11.58101744,11.80911837,10.59691433,,,,,
001522.OF,5.724571363,6.246717899,5.721948024,6.128254106,,,,,
001524.OF,10.1469501,10.24865672,10.15459445,10.13517295,,,,,
001530.OF,7.976837288,8.070042768,7.973649533,8.061665724,,,,,
001562.OF,8.355962349,8.750654873,8.363343494,10.84412483,,,,,
001566.OF,8.203254594,7.540130043,8.192211028,7.607369309,,,,,
001570.OF,6.812572509,6.578078122,6.805873925,6.684764346,,,,,
001596.OF,2.631565272,4.10476057,2.636258467,4.075133942,,,,,
001633.OF,4.694941802,4.919962431,4.694839508,4.587482986,,,,,
001635.OF,6.561528083,5.945373006,6.552690114,6.571890015,,,,,
001664.OF,14.45165511,13.57284708,14.45033376,13.51262998,,,,,
001688.OF,7.113512038,7.227235713,7.117041902,6.973481916,,,,,
001710.OF,9.751978203,9.639389821,9.74868426,9.792971297,,,,,
001720.OF,3.455700059,3.357553939,3.454058893,3.319765151,,,,,
001721.OF,7.826793674,7.193308661,7.816820635,7.363740788,,,,,
001745.OF,7.006450029,6.626571941,7.010082023,6.424847122,,,,,
001747.OF,5.262882331,3.974169168,5.301880674,4.061719322,,,,,
001755.OF,4.632816908,4.412362365,4.625608205,4.534067224,,,,,
001756.OF,10.36439698,10.36110782,10.35289865,10.6872613,,,,,
001765.OF,5.862714515,5.795844597,5.8572103,5.948272596,,,,,
001800.OF,14.85590059,13.93696799,14.84733778,14.34607516,,,,,
001802.OF,5.450464754,5.004837321,5.448895233,5.288800869,,,,,
001806.OF,3.469497379,3.800859204,3.472404076,3.538937881,,,,,
001817.OF,3.899601849,4.206027935,3.903178366,4.029937234,,,,,
001835.OF,2.663257903,2.815236648,2.666554197,2.680357987,,,,,
001850.OF,7.54534509,6.990621424,7.54336088,6.969000048,,,,,
001862.OF,4.908069514,4.75147697,4.910325519,4.779474789,,,,,
001901.OF,6.513603014,7.128065558,6.518564756,7.579442145,,,,,
001903.OF,8.688155998,7.388224751,8.653539003,7.469143357,,,,,
001905.OF,11.12933413,11.03418315,11.11093943,11.30201886,,,,,
001922.OF,8.408006241,8.498169682,8.408517927,8.020878671,,,,,
001939.OF,4.773715679,5.529198836,4.772975846,5.126344203,,,,,
001945.OF,6.415512284,5.786301915,6.413823104,6.332466917,,,,,
002000.OF,7.575483786,7.884088376,7.575909578,7.751863638,,,,,
002005.OF,7.407256395,7.769752434,7.408332618,7.475060762,,,,,
002006.OF,5.119521959,5.049179921,5.118479679,4.998310027,,,,,
002009.OF,3.386016342,3.124169982,3.383070459,3.409298076,,,,,
002015.OF,8.218884905,8.586057506,8.215626011,8.406597954,,,,,
002018.OF,8.032219357,8.181979491,8.027470939,8.084759265,,,,,
002025.OF,3.590899598,2.714151697,3.541520554,3.044160088,,,,,
002027.OF,5.082490948,5.198379117,5.078682193,5.061918963,,,,,
002049.OF,9.722720267,10.20067413,9.727169366,10.13872677,,,,,
002054.OF,3.006869809,3.06075567,3.007170086,3.072002012,,,,,
002057.OF,3.568453188,3.838929392,3.56852738,3.873990324,,,,,
002065.OF,13.47593932,12.49135209,13.46708606,13.09279486,,,,,
002087.OF,5.287126085,5.335363014,5.294167675,5.193854173,,,,,
002111.OF,11.11993404,11.1640337,11.11953645,11.32708907,,,,,
002116.OF,8.165028617,7.676328583,8.16099541,8.144296781,,,,,
002120.OF,6.444300693,6.055642912,6.443022091,6.244152761,,,,,
002134.OF,8.538111301,8.267634873,8.53601896,8.167273273,,,,,
002156.OF,4.869265266,4.85676535,4.867453602,4.732899325,,,,,
002161.OF,11.58855691,11.45065972,11.59020158,11.5505426,,,,,
002222.OF,4.529472639,4.428029176,4.530264225,4.354903792,,,,,
002227.OF,5.603118,5.041638076,5.595966032,5.492370949,,,,,
002254.OF,9.082435605,8.091032051,9.095568797,8.390627013,,,,,
002261.OF,6.906030658,6.514702527,6.904865743,6.767286068,,,,,
002276.OF,18.97329366,17.50208209,18.96505476,18.03218403,,,,,
002282.OF,6.721710249,6.349752158,6.722398844,6.184939973,,,,,
002331.OF,6.956000957,6.801502652,6.962612308,6.782170835,,,,,
002351.OF,9.764568345,9.397512478,9.760488854,9.509048448,,,,,
002358.OF,11.11828871,11.94908187,11.11969796,12.27939985,,,,,
002361.OF,5.642660608,4.747253085,5.647039598,4.931249933,,,,,
002363.OF,3.648853444,3.209109387,3.610937017,3.531621484,,,,,
002388.OF,15.5283784,14.81933201,15.51944533,16.21772492,,,,,
002389.OF,5.828894904,6.742121705,5.825834258,6.451675162,,,,,
002405.OF,7.155654755,7.096932093,7.151044933,7.292966356,,,,,
002411.OF,2.149231322,2.505193607,2.154239949,2.544208652,,,,,
002413.OF,3.65292063,4.020975149,3.664156112,3.902437989,,,,,
002430.OF,5.355610741,4.994456613,5.360269489,5.148196007,,,,,
002434.OF,8.894048347,8.205288255,8.888933733,8.439542787,,,,,
002455.OF,5.571792323,5.096113953,5.565956982,5.186015383,,,,,
002456.OF,8.69449408,8.483967861,8.692599927,8.858049038,,,,,
002458.OF,6.416436013,6.033569473,6.420870481,6.11189759,,,,,
002459.OF,8.961238549,8.14243885,8.973145666,8.405868175,,,,,
002461.OF,5.127735806,5.106098836,5.127960973,5.335497498,,,,,
002474.OF,12.37868459,11.96378635,12.37444604,11.96909344,,,,,
002475.OF,9.755580259,11.38812595,9.8020346,10.14554073,,,,,
002489.OF,6.589516167,7.190220434,6.592303675,7.06762717,,,,,
002490.OF,8.776301551,7.763974975,8.778519126,8.053304968,,,,,
002498.OF,4.551503353,4.307706781,4.550123735,4.395439185,,,,,
002501.OF,9.270138321,8.895068791,9.270344945,8.930643729,,,,,
002502.OF,5.208460107,5.497061777,5.212822249,5.611428486,,,,,
002514.OF,4.171480726,5.181870388,4.181480042,5.237152213,,,,,
002518.OF,13.49276789,13.23527645,13.48999436,13.63234764,,,,,
002521.OF,4.527335828,3.237231375,4.532823683,3.326938763,,,,,
002535.OF,6.633551696,5.683854103,6.625938859,6.506529371,,,,,
002574.OF,7.129406802,6.982700948,7.118507539,6.987566345,,,,,
002586.OF,17.6900842,15.68019806,17.69312511,16.62783913,,,,,
002600.OF,7.455268271,7.755726205,7.458407577,7.876779728,,,,,
002602.OF,13.13854271,13.18245475,13.14691307,12.59682037,,,,,
002612.OF,7.569138649,7.561897722,7.574073416,7.8507637,,,,,
002614.OF,10.2056915,10.34243203,10.20179515,11.39616867,,,,,
002616.OF,8.364817261,8.656954483,8.370363238,8.743933302,,,,,
002618.OF,3.99164999,3.129675123,3.984094708,3.454826396,,,,,
002622.OF,12.04505484,11.71604762,12.04635096,11.44828378,,,,,
002636.OF,15.83720748,14.39112406,15.82491673,15.72969401,,,,,
002639.OF,9.39294644,8.872070366,9.391978558,9.463413155,,,,,
002644.OF,13.09028598,13.86223281,13.08446699,13.40194212,,,,,
002651.OF,5.673925384,5.392277161,5.674483382,5.612402273,,,,,
002657.OF,5.586337111,5.946339395,5.587427422,5.969638172,,,,,
002664.OF,8.019118337,7.568408914,8.015687459,7.991759318,,,,,
002690.OF,11.23448802,10.94474066,11.22884745,10.78204425,,,,,
002701.OF,5.471191964,5.182470918,5.470610686,5.37730616,,,,,
002711.OF,8.886455265,7.559735914,8.886785108,8.05534709,,,,,
002714.OF,8.095635592,8.197240869,8.091535156,7.933896151,,,,,
002720.OF,6.233400255,5.545566426,6.276422733,5.696158099,,,,,
002723.OF,4.348769536,3.887596786,4.343460101,4.208942622,,,,,
002728.OF,3.202454275,3.688790883,3.201619071,3.637371239,,,,,
002734.OF,8.054141552,7.833173729,8.053917147,8.013288134,,,,,
002738.OF,1.966473927,2.071784273,1.968921763,2.112730598,,,,,
002749.OF,12.0287809,10.85490135,12.02731682,11.34562141,,,,,
002767.OF,2.618745531,2.62868327,2.614426773,2.792234818,,,,,
002776.OF,8.104260418,9.610591604,8.116695645,9.174519356,,,,,
002783.OF,5.204128043,5.183694398,5.213509021,5.171147035,,,,,
002792.OF,3.760233924,4.329882078,3.758862292,3.882687584,,,,,
002796.OF,7.489546255,7.001230566,7.484707105,7.375351637,,,,,
002813.OF,10.78689655,10.59293736,10.77543468,10.67035585,,,,,
002819.OF,5.336246736,5.453635388,5.331818505,5.623834948,,,,,
002826.OF,10.76875859,9.446488209,10.7634729,10.66416883,,,,,
002838.OF,14.32412572,15.50984091,14.31735988,15.29276821,,,,,
002901.OF,4.312635335,3.440132126,4.307669178,3.780929534,,,,,
002908.OF,6.541351128,5.061181958,6.523587156,5.931798832,,,,,
002925.OF,10.0193168,10.43006833,10.02414437,10.11187611,,,,,
002932.OF,4.77407665,3.746046717,4.73223087,3.678752227,,,,,
002934.OF,3.823469765,4.071275656,3.817195831,4.117675413,,,,,
002946.OF,6.911670681,6.126473838,6.901916889,6.587009003,,,,,
002961.OF,4.269609154,4.277283707,4.272837524,4.184888877,,,,,
002969.OF,7.863560465,7.559102482,7.860891255,7.827597001,,,,,
002971.OF,9.393847722,6.278179262,9.387300977,8.147476392,,,,,
002985.OF,12.82783759,12.61058107,12.83099242,12.44537892,,,,,
002986.OF,4.365622932,4.488845298,4.364039196,4.489402629,,,,,
003026.OF,15.70758472,14.80122167,15.70359678,14.9259096,,,,,
003028.OF,7.559663885,7.135807933,7.559920453,7.043419527,,,,,
003030.OF,4.382513762,4.145545388,4.384532365,4.482282196,,,,,
003037.OF,5.980779674,5.884946657,5.978998709,6.075628297,,,,,
003044.OF,3.831898164,3.816484634,3.829946008,3.827947076,,,,,
003062.OF,13.67047048,13.52599142,13.66560531,13.52450055,,,,,
003105.OF,4.677117892,4.3198246,4.686942122,4.374931789,,,,,
003107.OF,9.850692911,9.649809856,9.846604823,9.646432498,,,,,
003109.OF,3.823199907,4.069562143,3.819710969,4.097189922,,,,,
003115.OF,7.499229567,7.537586531,7.509759794,7.56758028,,,,,
003117.OF,6.771425919,6.566281406,6.773740943,6.42102031,,,,,
003123.OF,13.33665371,12.68404814,13.34386769,13.3703387,,,,,
003133.OF,7.523200902,7.042477134,7.533899022,6.999342592,,,,,
003135.OF,5.674795792,5.721753058,5.672487805,5.839316349,,,,,
003142.OF,4.594319708,4.899774893,4.598682302,4.858387167,,,,,
003154.OF,8.675736198,8.471134006,8.675103106,8.562455727,,,,,
003161.OF,5.343397977,5.741439664,5.341399927,5.561851193,,,,,
003167.OF,4.106380681,3.982124905,4.106136996,4.041345566,,,,,
003176.OF,8.214045144,7.849653004,8.231028234,7.420233685,,,,,
003182.OF,5.240624364,5.018848022,5.243665853,5.251495968,,,,,
003186.OF,7.868518926,7.820314732,7.877177304,8.213410034,,,,,
003187.OF,12.03961946,11.40416607,12.03679821,11.88132997,,,,,
003218.OF,16.49338165,17.08845732,16.49288735,16.92110294,,,,,
003221.OF,15.10716283,13.92324628,15.09607344,14.52558923,,,,,
003234.OF,9.918484036,10.26213445,9.916875973,10.29195301,,,,,
003275.OF,6.667836612,4.996823521,6.654603261,5.069541536,,,,,
003282.OF,1.966226028,1.948979449,1.968327303,2.116714014,,,,,
003295.OF,2.814947206,2.440125133,2.813081183,2.816478187,,,,,
003301.OF,10.50309908,10.28883831,10.57735748,10.64483985,,,,,
003331.OF,9.381944872,9.347721009,9.376991546,9.518304417,,,,,
003336.OF,7.298240875,7.110109967,7.297809934,7.147320846,,,,,
003341.OF,16.83521859,15.87089206,16.83161696,16.84171095,,,,,
003343.OF,6.126892306,5.828803631,6.125681399,5.955356169,,,,,
003345.OF,8.982657244,8.64559838,8.979136514,8.425893283,,,,,
003360.OF,3.955859331,3.803739828,3.955850737,3.932088812,,,,,
003379.OF,3.444975533,3.581973299,3.44453183,3.695130375,,,,,
003432.OF,4.278871935,3.528170956,4.274257637,3.696129625,,,,,
003476.OF,5.940048436,5.526082495,5.937901543,5.751155337,,,,,
003484.OF,6.27232494,6.305863963,6.275090785,6.362443259,,,,,
003493.OF,2.860851247,3.048697555,3.231092808,3.119438474,,,,,
003495.OF,8.79944187,8.500566718,8.792195861,8.582251427,,,,,
003502.OF,9.406496882,8.918645671,9.397701266,8.98540955,,,,,
003504.OF,14.53891746,13.69688033,14.53401178,13.78411378,,,,,
003591.OF,6.369222425,6.346821426,6.375428682,6.286542561,,,,,
003603.OF,6.552898083,4.842418683,6.554191474,5.759203613,,,,,
003612.OF,8.794954999,8.556743638,8.786883568,8.559254569,,,,,
003626.OF,15.15424513,13.5409915,15.1299255,14.53815472,,,,,
003628.OF,7.497747264,6.574932825,7.477624871,7.229005723,,,,,
003637.OF,19.38543019,19.26012015,19.38054627,19.21138125,,,,,
003663.OF,9.54490748,10.38050774,9.529621469,10.4689394,,,,,
003680.OF,13.73495823,12.88342834,13.71824491,12.80254655,,,,,
003692.OF,7.135407766,7.061538957,7.135872266,7.067450176,,,,,
003704.OF,8.203456961,9.382055972,8.216893965,9.748504376,,,,,
003734.OF,14.0008347,13.45778889,13.99696961,14.03365648,,,,,
003754.OF,7.968010165,7.539821628,7.973719988,7.300988338,,,,,
003780.OF,8.8268541,8.171589244,8.836078991,8.554768875,,,,,
003799.OF,5.224770364,5.031972551,5.272073957,4.884605543,,,,,
003805.OF,5.142236567,4.148648339,5.138574247,4.405749601,,,,,
003813.OF,5.346396753,4.363715011,5.345208367,5.046539869,,,,,
003828.OF,9.59990216,9.673748084,9.59462842,9.322811879,,,,,
003839.OF,7.720613666,7.040991377,7.713055837,7.341755916,,,,,
003842.OF,5.727645917,5.377904301,5.730908759,5.741426648,,,,,
003848.OF,4.906152134,4.902680213,4.907615026,4.871728086,,,,,
003850.OF,7.219683104,7.029751221,7.224257255,6.947845705,,,,,
003854.OF,10.34966436,11.18154877,10.33989877,11.21586146,,,,,
003861.OF,3.895919532,2.892003292,3.909962776,3.020092477,,,,,
003877.OF,9.178567106,9.26771999,9.175927871,8.965975223,,,,,
003882.OF,7.462466953,6.861632426,7.498860142,7.317588772,,,,,
003900.OF,4.164525014,4.793953323,4.162976989,4.30261738,,,,,
003950.OF,5.764018455,6.105010545,5.768432627,6.431188192,,,,,
003966.OF,9.301966952,9.212342931,9.298410962,9.296420939,,,,,
004005.OF,13.44740837,12.35949966,13.43837562,13.46415654,,,,,
004010.OF,8.278355528,8.154927245,8.284220733,8.20338286,,,,,
004024.OF,5.415680708,4.984129278,5.415092035,5.297159452,,,,,
004025.OF,12.03516977,11.726781,12.03245111,12.27650411,,,,,
004081.OF,13.48421985,12.61211171,13.47597461,13.54990032,,,,,
004083.OF,3.632127962,4.022937521,3.640843207,4.486987357,,,,,
004093.OF,14.02344217,14.31262026,14.01534327,14.18378776,,,,,
004100.OF,3.837536943,2.845886424,3.836692253,3.347424557,,,,,
004129.OF,5.805523132,7.485432502,5.824453444,6.951442314,,,,,
004131.OF,11.77795813,11.80515851,11.77797064,12.04392347,,,,,
004149.OF,6.319126777,6.752498624,6.319244027,6.645008165,,,,,
004153.OF,2.196596401,2.930218557,2.205893985,3.190578145,,,,,
004157.OF,9.758640553,10.78832921,9.760581213,10.1675305,,,,,
004175.OF,6.467281714,6.366035355,6.474608321,7.668731152,,,,,
004202.OF,11.01364008,9.668993904,11.01277426,10.1418818,,,,,
004206.OF,8.275547005,7.431713989,8.285620125,7.129294752,,,,,
004218.OF,9.99604976,9.252588704,10.00476082,9.762256288,,,,,
004225.OF,8.775042559,8.619236729,8.782526307,8.328715824,,,,,
004258.OF,7.73308901,7.6088078,7.741768068,7.268440123,,,,,
004265.OF,12.707303,12.06902701,12.70565707,12.12725029,,,,,
004270.OF,14.81795871,12.96074729,14.80526274,15.37112773,,,,,
004274.OF,7.024027513,7.368528785,7.020456569,6.873338337,,,,,
004276.OF,7.886890302,7.48736703,7.878933795,7.89039995,,,,,
004278.OF,4.656962589,4.682038727,4.669773515,4.7282563,,,,,
004279.OF,5.40114697,6.154398263,5.413547371,5.358805647,,,,,
004301.OF,6.233033064,6.344191184,6.206793913,6.1482127,,,,,
004318.OF,15.2455701,14.93677369,15.24174504,15.1760585,,,,,
004340.OF,3.535398782,3.080901165,3.547469683,2.990706416,,,,,
004353.OF,11.22227112,10.49041885,11.21890079,10.48660114,,,,,
004361.OF,10.88646326,11.37288976,10.87841556,11.26757871,,,,,
004405.OF,10.70334281,10.35425772,10.70711323,10.04216688,,,,,
004413.OF,6.613331656,7.535145448,6.612495479,7.081297655,,,,,
004427.OF,15.64683039,15.16571463,15.66588957,15.10882214,,,,,
004436.OF,7.096149805,6.140658085,7.092785934,6.761826518,,,,,
004442.OF,7.433567163,6.984876006,7.436418483,7.048980259,,,,,
004446.OF,10.5902972,10.49612402,10.59202498,10.44230026,,,,,
004457.OF,13.69344455,13.36344054,13.69302557,13.95328387,,,,,
004486.OF,5.798553333,5.590318831,5.794227835,5.788323438,,,,,
004503.OF,3.831856549,3.581352668,3.833321513,3.77320383,,,,,
004517.OF,4.327201127,3.754018061,4.319531344,4.052544627,,,,,
004571.OF,7.997549434,7.672407853,7.99487955,7.980535717,,,,,
004585.OF,3.993269922,3.237396139,3.986689004,3.392577158,,,,,
004607.OF,9.965318253,9.02095358,9.962180389,9.656408047,,,,,
004608.OF,7.377185812,8.631146803,7.377117963,8.178070418,,,,,
004612.OF,5.983157163,5.837544865,5.98191419,5.569359141,,,,,
004617.OF,6.198609992,7.377985125,6.204126294,6.471756,,,,,
004647.OF,19.92311544,19.63028935,19.91413294,18.84749203,,,,,
004648.OF,4.314615284,3.650357436,4.309123332,4.034007091,,,,,
004680.OF,6.926328491,7.433299218,6.903597116,7.352058699,,,,,
004687.OF,11.68821165,11.32769719,11.6801292,12.18496397,,,,,
004707.OF,11.51034298,12.97668087,11.52094678,13.1557018,,,,,
004710.OF,6.038382989,5.818397647,6.037933846,5.856313878,,,,,
004720.OF,11.46716008,11.43372484,11.46777365,11.19370901,,,,,
004731.OF,9.67698532,9.547275164,9.673674892,9.430835732,,,,,
004734.OF,7.238571664,7.149974832,7.228573215,7.677191708,,,,,
004738.OF,7.737325688,6.753795973,7.730768375,7.281970441,,,,,
004750.OF,7.399754236,6.875417931,7.327554899,7.437759733,,,,,
004756.OF,9.397777319,8.650953128,9.394817967,9.087725002,,,,,
004760.OF,8.865148151,8.529032996,8.875581755,8.404795973,,,,,
004772.OF,7.67717729,6.95001925,7.672621264,7.34792007,,,,,
004774.OF,13.18929127,11.60403995,13.18130804,13.45618023,,,,,
004801.OF,6.865851783,6.801305183,6.863261922,6.83574746,,,,,
004807.OF,2.029073707,2.607368734,2.030403439,2.481042612,,,,,
004823.OF,7.539087653,6.9229611,7.531561564,7.477259217,,,,,
004852.OF,13.73313832,11.83089684,13.72245743,13.03194907,,,,,
004885.OF,11.74698377,11.6730424,11.74539132,11.67480343,,,,,
004902.OF,7.21263308,6.963101442,7.206900571,7.028895488,,,,,
004913.OF,10.80873228,11.6471126,10.80452711,11.0454859,,,,,
004916.OF,11.28065474,11.70281531,11.27532461,11.54062183,,,,,
004946.OF,5.743630049,5.215189057,5.742644202,6.26502076,,,,,
004952.OF,4.766164531,4.798679508,4.773989295,4.933092521,,,,,
004975.OF,2.540805883,2.7251951,2.541913015,2.786312705,,,,,
004982.OF,10.40528332,10.24967694,10.40907802,11.01342326,,,,,
004988.OF,8.002226381,6.950678932,7.990020162,7.591539599,,,,,
005014.OF,4.782320677,4.257029941,4.768324536,4.429045573,,,,,
005039.OF,5.685583522,5.769099592,5.685734983,5.949204064,,,,,
005059.OF,5.431631715,4.800742725,5.424237036,4.889133006,,,,,
005078.OF,6.765211209,6.200062503,6.758090087,6.638683129,,,,,
005121.OF,9.350492596,7.214451853,9.349989447,8.086347369,,,,,
005128.OF,13.16166114,13.16335714,13.15913097,13.25804453,,,,,
005140.OF,10.70917494,9.592454892,10.69534785,10.30725464,,,,,
005144.OF,12.29671641,11.10444537,12.28512388,11.71406608,,,,,
005159.OF,7.948974432,7.661452446,7.950007266,8.036934602,,,,,
005166.OF,12.95625092,11.65102521,12.95659088,10.93203856,,,,,
005167.OF,14.46630367,13.33888805,14.4694423,13.42761416,,,,,
005177.OF,8.957775837,8.80231718,8.959435772,8.574920221,,,,,
005212.OF,5.97851679,5.855527061,5.975327035,6.173176577,,,,,
005252.OF,14.45417714,14.18505401,14.46136882,14.80926135,,,,,
005271.OF,14.20536238,13.36414214,14.19008907,13.69780148,,,,,
005274.OF,7.807189886,6.797496038,7.815174937,7.44569067,,,,,
005291.OF,12.22853382,10.69332174,12.22476851,11.3024226,,,,,
005305.OF,7.927662119,7.627388931,8.026701068,8.287977012,,,,,
005317.OF,9.557190504,8.9769434,9.552009932,9.446267669,,,,,
005329.OF,10.63285561,10.81356417,10.63190147,10.37133672,,,,,
005397.OF,8.06245424,7.344158293,8.045142224,8.058135545,,,,,
005416.OF,7.523358602,8.456760739,7.522166319,8.561792313,,,,,
005522.OF,8.123432232,8.468435031,8.103023517,8.991253088,,,,,
005523.OF,3.001566335,2.683545501,3.000845641,2.868128356,,,,,
005552.OF,11.86398808,11.60590803,11.86549883,11.37008274,,,,,
005579.OF,18.69200842,17.95293824,18.70684864,17.58956746,,,,,
005652.OF,5.936273329,5.628155411,5.93933962,5.938033957,,,,,
005656.OF,6.530373546,6.326556462,6.523152854,6.297843183,,,,,
005664.OF,6.563950473,5.868766932,6.570065959,5.752022444,,,,,
005678.OF,12.56809838,12.36555714,12.57168962,12.59451822,,,,,
005679.OF,14.06570936,14.31158739,14.06485337,14.37464321,,,,,
005686.OF,8.994190079,8.171121085,8.981036226,8.926720766,,,,,
005706.OF,4.520120027,5.339694819,4.530667372,5.454527559,,,,,
005746.OF,6.63629055,5.663569268,6.631602855,6.582367435,,,,,
005750.OF,6.859407371,6.794488613,6.873023543,6.918572506,,,,,
005823.OF,3.545307162,3.419245566,3.537285928,3.691596345,,,,,
005843.OF,16.34697847,16.63731011,16.34664836,16.56781725,,,,,
005886.OF,9.614033523,7.866328382,9.615487504,8.894200534,,,,,
005906.OF,10.00363907,9.384269807,9.999992248,10.03111382,,,,,
005943.OF,7.46448298,6.681859703,7.45920889,7.651733591,,,,,
006004.OF,8.814892434,8.385536371,8.817128688,8.663700608,,,,,
006059.OF,4.151921394,2.821881562,4.141073619,3.211898426,,,,,
006061.OF,9.436863663,9.124461386,9.427220918,9.400362918,,,,,
006114.OF,6.354907121,6.217100749,6.348875167,6.413242243,,,,,
006140.OF,12.03765713,11.62787924,12.02696284,11.6274478,,,,,
006174.OF,6.05068979,6.231274415,6.070069958,5.978664144,,,,,
006188.OF,10.47482696,9.978043702,10.47288861,9.861721146,,,,,
006207.OF,8.683159196,8.657897934,8.679861419,8.476875231,,,,,
006353.OF,5.561848883,5.723458013,5.56487001,5.795170636,,,,,
006398.OF,10.22126363,9.40618712,10.22072186,10.09801567,,,,,
006459.OF,6.035461022,5.864403998,6.034916071,6.009223377,,,,,
006466.OF,4.898969234,4.412778154,4.902558473,4.602756488,,,,,
006500.OF,19.66836363,19.42749157,19.66491697,19.23695928,,,,,
006535.OF,16.94220812,16.83317572,16.93277584,16.7971118,,,,,
006638.OF,13.47352972,11.71847078,13.47214994,12.76506405,,,,,
006654.OF,14.7825146,14.84027966,14.7791919,14.81396635,,,,,
006738.OF,8.259220593,7.342630103,8.258392928,7.484383452,,,,,
006832.OF,5.770157364,5.4640749,5.771146287,5.492362476,,,,,
006839.OF,15.59811305,15.80474722,15.59878713,15.55523036,,,,,
006854.OF,11.60550136,10.93267214,11.60677324,11.45956852,,,,,
006896.OF,13.8371784,12.50909373,13.83149402,13.626041,,,,,
006952.OF,3.913912834,4.211934798,3.926110023,4.367681733,,,,,
006973.OF,9.422065006,9.320841958,9.418046048,8.959454879,,,,,
006974.OF,8.062355042,7.963035833,8.061962952,7.804227288,,,,,
007128.OF,6.655654281,6.268578585,6.645836758,6.493228439,,,,,
007266.OF,15.11897552,13.93118538,15.10661921,14.3296074,,,,,
007282.OF,10.83272664,10.69037697,10.84519906,10.45429321,,,,,
007318.OF,4.89599442,4.675244238,4.899941022,4.563575641,,,,,
007385.OF,7.767397796,7.419386655,7.75312063,7.577488031,,,,,
007415.OF,5.372587139,5.003520332,5.380233731,5.073362097,,,,,
007712.OF,5.559712145,4.99698532,5.563692761,5.633235708,,,,,
007725.OF,8.082930661,8.296848135,8.066416959,8.24614589,,,,,
007752.OF,9.249372886,8.504589026,9.238447177,9.044358331,,,,,
007767.OF,17.11993938,16.96137276,17.11616066,16.87530656,,,,,
007781.OF,18.82815704,18.35526089,18.82800636,18.84672166,,,,,
007879.OF,10.48806306,10.48073893,10.48659641,10.47397068,,,,,
007884.OF,6.383666166,5.924726906,6.38087423,6.085362754,,,,,
020002.OF,7.315143519,6.759093152,7.319851736,6.885058074,,,,,
020033.OF,6.872499465,7.57914882,6.870352243,7.555562231,,,,,
040009.OF,13.80145932,13.24037927,13.80012468,13.27311019,,,,,
040012.OF,11.59775275,10.8831826,11.59249602,11.21928762,,,,,
040019.OF,3.740805412,3.679885589,3.74194857,3.608969781,,,,,
040036.OF,3.62421119,4.467686459,3.628375768,4.10301942,,,,,
050006.OF,12.39842014,12.4326255,12.39867724,12.59463326,,,,,
050016.OF,6.002321228,5.758606071,6.003948499,5.907236602,,,,,
050023.OF,9.438838431,9.144320687,9.435200116,9.486003329,,,,,
070015.OF,6.56701823,6.265134307,6.57431165,6.278860837,,,,,
070020.OF,5.206889049,4.586385584,5.205049933,4.795779395,,,,,
080003.OF,7.651202486,7.233767232,7.649913318,7.295789528,,,,,
090002.OF,3.792861085,3.533926621,3.792780617,3.605157664,,,,,
090006.OF,5.009028455,4.768011398,5.01430986,4.826637613,,,,,
100018.OF,8.507026547,8.436175142,8.503817368,8.376133413,,,,,
100035.OF,5.000104511,4.621779346,5.000479348,4.718429643,,,,,
110007.OF,6.679533043,5.923064085,6.672411811,6.287452459,,,,,
110017.OF,7.565543771,7.916276864,7.559429254,7.760212496,,,,,
110027.OF,5.635547549,5.292197071,5.631583808,5.361994372,,,,,
110035.OF,11.14333072,10.77615018,11.14297904,11.00485541,,,,,
121009.OF,5.034329941,4.749271759,5.041059098,4.774381976,,,,,
121012.OF,4.743014655,4.749611665,4.742383407,4.545983699,,,,,
151002.OF,5.730452644,5.610225939,5.723720462,5.745217439,,,,,
160220.OF,5.514377243,5.183706976,5.527103134,5.131952979,,,,,
160323.OF,6.685281843,6.639278095,6.676295607,6.503957171,,,,,
160513.OF,8.93191552,9.130756968,8.937938603,8.536279167,,,,,
160524.OF,16.84628611,15.69885458,16.84885216,16.25597111,,,,,
160612.OF,4.132062051,4.059820437,4.133402913,4.294246281,,,,,
160622.OF,2.43734619,2.217289766,2.437830674,2.385111061,,,,,
161010.OF,7.939868489,7.358263005,7.940391703,7.712001137,,,,,
161015.OF,3.475764162,3.532596649,3.477117235,3.528583647,,,,,
161019.OF,5.698483495,5.779729081,5.703156684,5.75904356,,,,,
161115.OF,7.927778231,7.148131388,7.931109737,7.62333987,,,,,
161216.OF,4.276555679,3.961720135,4.270268531,4.15071132,,,,,
161505.OF,8.547907588,8.472390025,8.549510528,8.634886703,,,,,
161603.OF,16.02669143,15.95814668,16.03249219,15.97026372,,,,,
161618.OF,16.85302354,15.9894453,16.8586182,16.51793238,,,,,
161626.OF,6.241200684,5.704040836,6.24991463,5.921089471,,,,,
161722.OF,7.20096709,7.261429869,7.205341592,7.408208163,,,,,
162205.OF,7.027719739,6.220065757,7.024113105,6.17735704,,,,,
162210.OF,9.948608225,8.225234228,9.927548855,9.428370872,,,,,
162215.OF,17.02131332,15.00228812,17.02058412,16.22862507,,,,,
162414.OF,8.286790947,7.653500783,8.280410293,7.953498581,,,,,
162712.OF,5.981914264,6.229773175,5.982031658,6.200877596,,,,,
163003.OF,16.80850551,16.06119953,16.80756072,15.97710329,,,,,
163806.OF,4.64095959,4.39679878,4.644156177,4.675309059,,,,,
163811.OF,4.584794458,4.466204124,4.587948932,4.467751964,,,,,
163819.OF,7.66396802,6.945277253,7.663576018,7.239415111,,,,,
163825.OF,5.259699456,5.229140841,5.265614861,5.370916728,,,,,
164105.OF,4.695996708,4.512802407,4.697284321,4.559912708,,,,,
164208.OF,8.953748924,9.371196968,8.95631413,8.935724978,,,,,
164606.OF,13.81096657,13.86897324,13.81542794,13.67124156,,,,,
164808.OF,5.570154219,5.402189162,5.573073037,5.454609928,,,,,
165311.OF,7.648234061,8.645550207,7.678924931,7.911944818,,,,,
165526.OF,4.78839273,4.394835329,4.792884239,4.515960825,,,,,
166010.OF,9.930211467,9.079498421,9.927664814,8.923633528,,,,,
166105.OF,15.30154616,14.59184753,15.30089461,14.56756051,,,,,
167003.OF,13.05239607,12.26527878,13.03704291,12.51038654,,,,,
169106.OF,7.046181728,6.186276639,7.045159962,6.864279312,,,,,
180015.OF,5.651057963,5.714056755,5.651175533,5.343235395,,,,,
180025.OF,4.282719025,4.782616371,4.281563466,4.335754614,,,,,
202101.OF,2.568501913,2.979359627,2.573406232,2.851856182,,,,,
202102.OF,8.268089544,8.015618887,8.269096491,8.037373562,,,,,
202105.OF,3.897877081,3.20390244,3.890502809,3.206938842,,,,,
206003.OF,4.54726583,3.996209346,4.551794709,4.147547997,,,,,
206008.OF,5.830845561,5.384154991,5.827956514,5.453651582,,,,,
206018.OF,3.365484356,3.279720684,3.365281682,3.460206858,,,,,
210006.OF,10.97796333,9.107503638,10.9754709,9.445881285,,,,,
210007.OF,6.853028489,7.277119007,6.845925044,7.069682352,,,,,
210010.OF,8.897993208,6.518296041,8.898177439,7.907061021,,,,,
213007.OF,14.9352055,13.64270632,14.95709896,14.2215201,,,,,
217008.OF,6.06579608,5.716851366,6.066293051,5.747873469,,,,,
217023.OF,6.101065576,5.640806175,6.099811228,6.130394231,,,,,
217024.OF,8.839654541,8.11148802,8.840301164,8.487036309,,,,,
233005.OF,4.976820674,4.97532329,4.978002007,4.957463877,,,,,
233012.OF,4.808276414,4.186614718,4.808544591,4.778102343,,,,,
240003.OF,4.790807171,4.416054236,4.792911684,4.760242418,,,,,
240012.OF,14.9796383,13.93739641,14.98137196,14.66684852,,,,,
253010.OF,15.97904698,15.77464477,15.98292413,15.81911586,,,,,
253060.OF,10.49691921,10.36902154,10.49864233,10.63340456,,,,,
270029.OF,3.621724277,3.261706924,3.621182094,3.511569848,,,,,
310508.OF,7.260989178,6.936890298,7.246211188,7.038926084,,,,,
320021.OF,13.36042895,13.36208941,13.37040339,13.60845461,,,,,
340009.OF,3.291354671,3.366511238,3.2940079,3.267560269,,,,,
350006.OF,16.20165553,15.55087751,16.18402658,15.32161436,,,,,
360008.OF,6.872388514,6.245273519,6.878423248,6.353110367,,,,,
371020.OF,8.141520516,7.790407471,8.156554465,8.115375732,,,,,
372010.OF,11.31850609,10.12234364,11.31298492,11.3912204,,,,,
380009.OF,7.81461415,7.461823096,7.809484972,7.707493088,,,,,
395001.OF,9.124448578,8.115098295,9.119886028,8.405955383,,,,,
395011.OF,10.91663752,9.528561746,10.91278835,10.2215721,,,,,
400016.OF,5.850906626,5.616959107,5.838911863,5.458385629,,,,,
400027.OF,4.432382441,3.947351443,4.432541415,4.332198983,,,,,
410004.OF,4.102984164,4.08875535,4.097404356,4.086348521,,,,,
420002.OF,7.300344133,7.134897742,7.291671679,7.162145969,,,,,
420008.OF,15.25616775,15.81068198,15.25991216,15.30265212,,,,,
420009.OF,4.227821502,3.858186466,4.226780389,4.074391955,,,,,
450005.OF,6.631674244,6.805563718,6.628671719,6.473356548,,,,,
450018.OF,7.597523052,7.15671957,7.593780856,7.472173878,,,,,
470010.OF,7.204105371,7.330226891,7.205658572,7.246948672,,,,,
470018.OF,5.136104426,4.982368103,5.133890004,4.955890178,,,,,
470088.OF,7.108690699,7.17210769,7.108487353,7.099511396,,,,,
485105.OF,4.403681082,4.250648154,4.422232359,4.102648472,,,,,
485107.OF,6.158096684,5.580067284,6.158975961,5.731614714,,,,,
485111.OF,8.62533375,8.399267456,8.623915971,8.69579286,,,,,
501000.OF,9.947540445,9.218483094,9.945302176,10.2717019,,,,,
501017.OF,5.538515225,4.852289714,5.542752953,4.909814528,,,,,
501027.OF,5.395443717,5.15868184,5.389476825,4.958483472,,,,,
501039.OF,12.25400373,11.49396472,12.25984993,11.80899547,,,,,
501041.OF,16.30684599,15.28069675,16.30741339,16.35676092,,,,,
501053.OF,7.639574459,5.473734153,7.638272657,7.318221374,,,,,
519007.OF,4.697069927,5.328799306,4.686400535,5.482240326,,,,,
519023.OF,13.3186526,12.31525659,13.3225946,12.04867815,,,,,
519030.OF,5.610291544,5.107347888,5.606649991,5.317531035,,,,,
519050.OF,6.397746913,6.400183573,6.39505251,6.317593669,,,,,
519061.OF,14.91173788,14.90823763,14.91774576,14.40970033,,,,,
519127.OF,4.725328691,4.635318801,4.747969082,4.673167951,,,,,
519134.OF,10.54271676,9.812623029,10.54821847,10.90236715,,,,,
519160.OF,8.697636084,8.267643021,8.698999681,8.778705285,,,,,
519162.OF,13.06154999,11.82242373,13.04997165,12.45585589,,,,,
519175.OF,8.028243444,8.791390979,8.047417911,8.225016293,,,,,
519186.OF,6.251270819,6.114632142,6.253103488,5.983223871,,,,,
519197.OF,9.533610058,10.78872877,9.538597104,10.45125818,,,,,
519222.OF,8.101964637,8.459466244,8.099146107,8.712711664,,,,,
519229.OF,4.846174291,4.462391107,4.840549872,4.406293366,,,,,
519616.OF,6.985949956,6.847375114,6.981786788,6.858584295,,,,,
519625.OF,6.496214348,6.448843402,6.495533192,6.44754459,,,,,
519627.OF,6.895991393,7.092398339,6.895985553,7.129793156,,,,,
519652.OF,8.773733664,8.736489879,8.791680218,8.211220676,,,,,
519660.OF,17.21381682,16.28563466,17.21361309,16.31768171,,,,,
519666.OF,18.12898929,17.53644614,18.13854408,18.16133957,,,,,
519676.OF,6.789531988,7.036621884,6.790729015,7.069062312,,,,,
519680.OF,2.860207689,3.01789101,2.867103517,2.927355068,,,,,
519683.OF,11.45049848,10.92394432,11.44925209,11.01164415,,,,,
519726.OF,7.148170862,5.978096279,7.146326987,6.326763061,,,,,
519730.OF,5.693263227,6.411481957,5.68964162,6.107120932,,,,,
519733.OF,7.480172495,6.402316754,7.470900634,7.439497542,,,,,
519738.OF,2.939590062,3.141904579,2.941087533,3.21172618,,,,,
519752.OF,4.231283176,4.408390074,4.23244419,4.350524294,,,,,
519753.OF,5.437712992,5.310924048,5.421655979,5.77780815,,,,,
519755.OF,4.048458192,4.162083816,4.049500653,4.153821923,,,,,
519766.OF,3.423244388,3.334883694,3.429712427,3.364952731,,,,,
519768.OF,3.110121167,3.290437116,3.111381945,3.232322262,,,,,
519770.OF,2.911162917,3.37759932,2.91283496,3.251719616,,,,,
519933.OF,5.763978063,5.118885914,5.766653143,5.408119729,,,,,
519963.OF,10.53915317,11.01065943,10.52281599,11.0771667,,,,,
519989.OF,5.376205713,4.566945978,5.362881477,4.853791435,,,,,
530008.OF,6.291120739,6.506356565,6.293046999,6.470118648,,,,,
530009.OF,12.31892764,11.82696957,12.30251916,12.15956808,,,,,
540001.OF,5.018358451,4.884554162,5.017390662,5.046458945,,,,,
550004.OF,1.953085053,2.233522057,1.952757394,2.293027946,,,,,
573003.OF,11.16271016,11.13365804,11.15346121,11.27149845,,,,,
610008.OF,12.69633059,11.56878181,12.69008973,11.82932968,,,,,
620003.OF,5.238372153,5.071264439,5.239512025,5.108305802,,,,,
630003.OF,9.187234557,9.039784944,9.192422898,9.126251622,,,,,
630007.OF,9.322435084,8.592957794,9.331321176,9.058986366,,,,,
630009.OF,7.954628493,7.67066016,7.972198381,7.817624552,,,,,
660009.OF,5.637391097,5.572454516,5.6379696,5.666335446,,,,,
675081.OF,3.840338851,3.597076556,3.840048271,3.598768535,,,,,
690002.OF,4.791593476,4.807352484,4.786421413,5.020193957,,,,,
720003.OF,11.18315675,10.45229926,11.19686615,10.88873485,,,,,
750002.OF,14.93691555,14.0444517,14.93603541,14.50198293,,,,,
952024.OF,8.745417567,8.935374412,8.744911816,8.496245532,,,,,
mean,8.10119092,7.82243863,8.102039096,7.981870962,,,,,
max,24.19596458,22.6723779,24.19387361,22.77381778,,,,,
min,1.865222128,1.948979449,1.864341832,1.956866439,,,,,
median,7.307743826,7.061866721,7.313417499,7.275205282,,,,,
std,3.775049878,3.630509777,3.772826279,3.699210643,,,,,
